"","level","site_id","site_area","gap_prop","np","pd","ta","area_mn","area_sd","para_mn","para_sd","ai","cohesion"
"1","landscape","1105056",11.0343634194975,0.112892783447649,95,7626.23424580557,1.2457,0.0131126315789474,0.0432062033620008,1.27153815233973,0.666381490776444,94.6875003459485,97.0343540529262
"2","landscape","1105206",6.32035842199759,0.110151980871357,81,11634.5877621373,0.6962,0.00859506172839506,0.0203637723742101,1.2466485478416,0.612605095199825,92.9452951990596,95.1009250684123
"3","landscape","1105464",11.7319872550026,0.023568044696102,31,11211.5732368897,0.2765,0.00891935483870968,0.0259419277021432,1.19642926652735,0.543519652869594,95.5029206714556,95.6015062536453
"4","landscape","1107477",2.03572273499917,0.00275086577544279,3,53571.4285714286,0.0056,0.00186666666666667,0.000404145188432738,1.30273752012882,0.15922498161653,89.3804112554112,88.8270618321414
"5","landscape","1107675",6.32003183806451,0.0616769044820786,26,6670.08722421755,0.3898,0.0149923076923077,0.0432187729865337,1.35949926080602,0.841015362196426,92.9644783461302,97.9628543327407
"6","landscape","1107677",1.68281191680207,0.0927614063350848,23,14734.1447789878,0.1561,0.00678695652173913,0.00751212984856226,1.12953322856291,0.540378646849979,89.0538684228117,92.807850637638
"7","landscape","1108137",13.0660045550086,0.0736491400985406,57,5923.30873947833,0.9623,0.0168824561403509,0.0436182715761207,1.04689986802892,0.504037498528038,95.0268501269238,97.0563408173991
"8","landscape","1108227",4.40536052979913,0.00653748990694144,11,38194.4444444444,0.0288,0.00261818181818182,0.00197930198899419,1.30127694884033,0.458738082922596,90.1366050649823,87.0916677566551
"9","landscape","1108368",2.11348751000362,0.172605704208479,48,13157.8947368421,0.3648,0.0076,0.0134890657058605,1.27419956799139,0.600717866719221,91.5376426323899,93.8050597502286
"10","landscape","1115432",6.18892701159702,0.0312332007854977,40,20693.2229694775,0.1933,0.0048325,0.00822436615903917,1.39394507055822,0.841717988177141,92.2661328687398,91.3770363299134
"11","landscape","1412786",5.41744719810418,0.0268207505651088,50,34411.5622849277,0.1453,0.002906,0.00827963841269037,1.64675263931178,0.818525665794251,90.4818803215992,91.3651846775421
"12","landscape","1503147",1.09440707499699,0.00831500472529841,9,98901.0989010989,0.0091,0.00101111111111111,0.00057106138996706,1.89708475982986,0.786491681929469,87.9152276295133,78.1891460577199
"13","landscape","182014",1.95831146767361,0.469792479483829,41,4456.52173913043,0.92,0.0224390243902439,0.114900291292165,1.27994676584179,0.706124144697057,94.1740262818438,99.0862629911018
"14","landscape","182458",1.30629751078828,0.145296150710313,24,12644.8893572181,0.1898,0.00790833333333333,0.015653917877884,1.2273860174244,0.612173092563995,88.6703277037336,95.5931127426956
"15","landscape","183278",3.75388305480746,0.0843126957816841,32,10110.5845181675,0.3165,0.009890625,0.0178290874945157,1.17485276719831,0.862848857889269,92.8513304402075,95.2096372764967
"16","landscape","183479",0.951980725823203,0.0193281224092946,11,59782.6086956522,0.0184,0.00167272727272727,0.00163529257877048,1.66406457756618,0.935364276820821,93.0570406438977,84.60478562449
"17","landscape","186253",0.694070240420579,0.0413502817562225,6,20905.9233449477,0.0287,0.00478333333333333,0.00985645304694679,1.69785172435775,0.622012558315785,87.9403291605895,97.3050653301248
"18","landscape","186449",0.810409754885058,0.259251568399246,19,9043.31270823417,0.2101,0.0110578947368421,0.020253979466034,1.18165945420386,0.606776296889196,89.334875477351,96.4199419238903
"19","landscape","186460",2.17122677129035,0.010316748253195,11,49107.1428571429,0.0224,0.00203636363636364,0.00341621800454032,1.91182438251404,1.17637405578687,94.3329149262587,88.6406754522677
"20","landscape","186969",1.37845184582826,0.114113525601966,16,10171.6465352829,0.1573,0.00983125,0.0270800964732403,1.73961820404371,0.828167831333367,89.6284273250964,97.8717325246603
"21","landscape","187270",2.02960249122034,0.00492707317972758,4,40000,0.01,0.0025,0.00329747378053766,1.45540540540541,0.671712702508646,95.6148851148851,92.634673724453
"22","landscape","187818",2.08625924624287,0.26022652792442,57,10499.1711180696,0.5429,0.00952456140350877,0.0232091675290925,1.24236458927424,0.567678787259457,91.3227924516228,95.8396054612321
"23","landscape","187943",4.6744819466956,0.195486903237687,103,11271.6130444299,0.9138,0.00887184466019418,0.0242004311154101,1.36563469415394,0.805995993401807,91.3791015891537,95.5371893987218
"24","landscape","188912",2.66442036161126,0.00615518490861645,8,48780.487804878,0.0164,0.00205,0.00239105475829034,1.80367432060544,1.08685514974228,90.3666096615972,89.0136636497966
"25","landscape","189455",11.2410896515304,0.105594745420289,151,12721.1457455771,1.187,0.00786092715231788,0.0272274835990155,1.43380466280347,0.863324152109742,90.7682054874088,95.472637955991
"26","landscape","189594",5.15585882809491,0.0118118051774708,21,34482.7586206897,0.0609,0.0029,0.00469030915825386,1.48062475060703,0.496254123241435,90.9899501278163,90.1659918290406
"27","landscape","189646",19.8161453534424,0.268503278770899,291,5469.20517976958,5.3207,0.0182841924398625,0.116732269085335,1.21682905617593,0.546666121437647,92.7967019105958,98.364545047079
"28","landscape","189934",3.54406282648467,0.248330812146737,71,8067.26508351324,0.8801,0.0123957746478873,0.0270988003773479,1.29901125527057,0.705147166524165,88.4520940514581,96.2483511631072
"29","landscape","190325",2.58917185025569,0.027383273146971,22,31029.6191819464,0.0709,0.00322272727272727,0.00318761469533058,1.21825509675336,0.381159716988603,91.5931798447005,88.3565963107391
"30","landscape","190457",13.4703455182864,0.00866347487832261,58,49700.0856898029,0.1167,0.00201206896551724,0.00188615245483487,1.40640632787701,0.422851158087416,90.9591685439386,82.9325993669265
"31","landscape","190783",2.42594648705665,0.153960527156211,73,19544.8460508702,0.3735,0.00511643835616438,0.0124478580676292,1.35144612937037,0.71071522134518,91.5722491012212,92.8791958507179
"32","landscape","191362",14.4495070831782,0.0912003428500445,85,6450.14417969343,1.3178,0.0155035294117647,0.121882569798673,1.44364817303102,0.650123149984926,93.9858252546941,99.2441269936779
"33","landscape","191694",8.36008427401371,0.034054680631026,61,21426.0625219529,0.2847,0.0046672131147541,0.00507640690881111,1.09605082723694,0.52850821796216,92.8923086646912,89.5985216865902
"34","landscape","192053",1.8354896720469,0.0141106759653498,13,50193.0501930502,0.0259,0.00199230769230769,0.0023634232017921,2.06752594828234,1.13772683586335,89.4183293877567,87.6604701246663
"35","landscape","192145",1.65979358940694,0.0137366478250749,7,30701.7543859649,0.0228,0.00325714285714286,0.00351655946575491,1.24071817296969,0.485232167708552,92.9724044791329,90.6713231330715
"36","landscape","192417",5.35979437781274,0.0155789558542869,24,28742.5149700599,0.0835,0.00347916666666667,0.00638898366869415,1.95508443835057,1.20647822187652,91.2324603328671,92.0611331091062
"37","landscape","192446",10.6064355614399,0.0304532091039406,37,11455.1083591331,0.323,0.00872972972972973,0.0255276632614815,1.8833781074585,1.20397432233762,92.7459345492324,96.5180472889657
"38","landscape","194918",1.88088859011689,0.0623641403410875,30,25575.4475703325,0.1173,0.00391,0.00635714911163693,1.79218952111445,0.746321576650101,80.8519986984413,91.8313133818128
"39","landscape","298822",8.79101708591027,0.0275053497947971,58,23986.7659222498,0.2418,0.00416896551724138,0.00554279069924458,1.64542325913062,1.02281869118967,84.1015301798636,90.0415302125397
"40","landscape","299021",5.73080136174434,0.0346199401229309,20,10080.6451612903,0.1984,0.00992,0.0201129599486186,1.38713218522384,1.02006920574223,92.7772901010956,96.2897188969841
"41","landscape","305284",4.62675246109513,0.0142864785950434,31,46898.6384266263,0.0661,0.00213225806451613,0.00216123222518608,1.77748029429548,0.852010015226152,86.2853638972886,84.7425367522311
"42","landscape","56429",1.88392620247625,0.0447469756985149,20,23724.7924080664,0.0843,0.004215,0.00789392004546604,1.38967713783339,0.796389288733229,89.222643700903,93.7117564743225
"43","landscape","BF_M1",1.10368818353669,0.0778299534971365,27,31431.8975552969,0.0859,0.00318148148148148,0.0041224560488432,1.79265614366377,1.05125467476566,85.3050441946514,90.0973621157681
"44","landscape","BF_M2",3.26850350224825,0.0407525951581138,38,28528.5285285285,0.1332,0.00350526315789474,0.00500345542051615,1.62518147124457,0.874112284148811,82.4063939560501,89.3912094654153
"45","landscape","BF_P1",3.9933811419595,0.816125454631861,9,276.149857322574,3.2591,0.362122222222222,1.0850542472358,2.52550758411429,1.40175390863382,97.2548326019076,99.9911717356189
"46","landscape","CH-EW-0510-LANG",6.1765975493643,0.09102098615084,109,19388.1181074351,0.5622,0.00515779816513762,0.0103003981726165,1.4763899046703,0.886696703857906,90.9971671239227,91.6055874889342
"47","landscape","CH-EW-1020-HEAR",9.0342224903249,0.346737088150609,99,3160.41500399042,3.1325,0.0316414141414141,0.203483324298006,1.38376222012722,0.664989257532406,94.523683162918,99.3495215182015
"48","landscape","CH-EW-1020-HUC3",2.44474234181801,0.0348912024555387,30,35169.9882766706,0.0853,0.00284333333333333,0.00563288884868228,1.47385874285123,0.462307359161699,92.8818863424334,89.3036451680728
"49","landscape","CH-EW-3040-HOME",2.5897623542048,0.00722073976001628,6,32085.5614973262,0.0187,0.00311666666666667,0.00365700241545814,2.04740012682308,1.3933518108464,89.9056355278105,91.8712646616052
"50","landscape","CH-EWNC-0510-SL01",3.8216248555298,0.00889673928899715,6,17647.0588235294,0.034,0.00566666666666667,0.0120270805545929,1.9752654262588,1.15727036826634,93.2185187898322,96.9640299470749
"51","landscape","CH-EWNC-0510-SL02",3.58279088409877,0.0178910804659267,33,51482.0592823713,0.0641,0.00194242424242424,0.00354753702438663,1.67763023770322,0.630494692931648,87.9448464170715,86.6626607479063
"52","landscape","CH-EWNC-1020-HUC1",0.75702410201868,0.0405535304861964,2,6514.65798045603,0.0307,0.01535,0.0202939646200539,0.976094276094276,0.599493223915059,91.8660008274431,99.4766297714659
"53","landscape","CH-EWNC-2030-BLAC",10.274859326716,0.0356987855830074,46,12540.8942202835,0.3668,0.00797391304347826,0.0391302635637693,1.39272565963849,0.475059300441575,96.1835095773116,96.6212625982466
"54","landscape","CH-EWNC-2030-BULW",3.05914278711138,0.0295180729648996,40,44296.788482835,0.0903,0.0022575,0.00346527739667367,1.71288640560444,0.83822254982553,87.0764193172607,85.9209158176125
"55","landscape","CH-EWNC-2030-FAMN",5.30712820981964,0.0433002540950126,25,10879.0252393386,0.2298,0.009192,0.00907904730684888,0.857350980190549,0.372321269333508,94.4009059919131,93.278023270575
"56","landscape","CH-EWNC-6000-FAM2",4.89808656957983,0.0652908019197042,48,15009.3808630394,0.3198,0.0066625,0.0102863806880542,1.17410880343855,0.542738545612992,93.0035104363627,92.840954064121
"57","landscape","CH-EWNC-6000-NORT",3.49797169047121,0.0630365307417043,46,20861.6780045351,0.2205,0.00479347826086956,0.0159982971618011,1.29897925884362,0.429566302884955,93.1075283665313,93.2863077528993
"58","landscape","CH-EWNC-6000-PRES",1.57348422044017,0.00946943083790939,4,26845.6375838926,0.0149,0.003725,0.00310631078076014,1.06781169281169,0.383621990376045,94.0070811755584,92.8723567924384
"59","landscape","CH-EWPL-0510-SL12",1.62127732739281,0.00986876195063416,9,56250,0.016,0.00177777777777778,0.00271835325968581,2.33665977039471,1.1125101883278,76.489114062714,90.3065933381587
"60","landscape","CH-EWPL-1020-HUC1",1.0840290240041,0.00581165251159934,3,47619.0476190476,0.0063,0.0021,0.00135277492584687,1.39285714285714,0.360767322833554,87.8627045924043,90.7927892940884
"61","landscape","CH-EWPL-2030-BLAC",2.01592474718681,0.00540694786112963,6,55045.871559633,0.0109,0.00181666666666667,0.0016714265364253,1.43853593853594,0.522863783245214,95.9271364891611,87.0809291740634
"62","landscape","CH-EWPL-2030-BULW",6.33100499952808,0.187426798760773,86,7247.59817967302,1.1866,0.0137976744186047,0.0943280707727266,1.43442137689866,0.742972175359099,93.6795891127473,98.8438412301269
"63","landscape","CH-EWPL-2030-FAMN",1.01630025593403,0.00895404674638857,8,87912.0879120879,0.0091,0.0011375,0.00079090815793347,1.69165008841733,0.530356328363201,91.699634572869,80.2921868331766
"64","landscape","CH-EWPL-6000-FAM2",3.73674177062046,0.058205788184257,33,15172.4137931034,0.2175,0.00659090909090909,0.0106821803613648,1.34434944916861,0.794472093935442,90.0055298773899,93.5995210265652
"65","landscape","CH-EWPL-6000-NORT",3.00027609745243,0.0216980030788757,9,13824.8847926267,0.0651,0.00723333333333333,0.00563293884220306,0.95813539416057,0.384890501622095,90.7326860664826,93.327071753941
"66","landscape","CH-EWPL-6000-PRES",0.994473035144433,0.0321778458229915,12,37500,0.032,0.00266666666666667,0.00499260058547253,2.18583954886921,1.1165628889662,85.1163476756357,91.6521250114998
"67","landscape","CH-NC-0510-LANG",4.99215362507487,0.878158071494496,1,22.8107392960606,4.3839,4.3839,NA,0.0474007162572139,NA,99.2894715731329,100
"68","landscape","CH-NC-0510-SL01",4.88791169497557,0.887741078559253,2,46.0914454277286,4.3392,2.1696,3.06742921678724,0.855068455262066,1.14777319776613,99.3909706818376,99.9974390436931
"69","landscape","CH-NC-0510-SL02",2.84981240360145,0.904234958323376,1,38.8063176685164,2.5769,2.5769,NA,0.0371764523264387,NA,99.6934551702593,100
"70","landscape","CH-NC-1020-HEAR",1.47735255435482,0.958945104757811,1,70.5865744335427,1.4167,1.4167,NA,0.0444695418931319,NA,99.7294892329596,100
"71","landscape","CH-NC-1020-HUC1",1.77284141200883,0.606258401185545,8,744.324525493115,1.0748,0.13435,0.377413301302432,1.44363716252756,0.527042308836337,94.8186560841871,99.9607033297498
"72","landscape","CH-NC-1020-HUC3",0.581131259581959,0.172938554488181,10,9950.24875621891,0.1005,0.01005,0.0263669932554574,1.40541281936819,0.645731567082023,96.1689584900089,97.5166570823846
"73","landscape","CH-NC-2030-BLAC",4.64408255717903,0.727054258495137,16,473.863468088257,3.3765,0.21103125,0.824833578946889,1.37305507999444,0.743230392316562,93.6305957101422,99.9584973024201
"74","landscape","CH-NC-2030-BULW",28.759704593939,0.958643365405442,29,105.185652676975,27.5703,0.9507,5.1090601788112,1.65007145888417,0.928081010277986,99.4961903773966,99.9832710420953
"75","landscape","CH-NC-2030-FAMN",6.70784459027452,0.46105719331721,69,2231.06023862644,3.0927,0.0448217391304348,0.353296655829715,1.3189602025605,0.404866296931814,93.6258796725694,99.872027481649
"76","landscape","CH-NC-3040-HOME",6.35060461338684,0.729741541495288,10,215.782318796798,4.6343,0.46343,1.46015429173313,1.28106383870194,0.611925538182452,96.7179910028193,99.9880446452503
"77","landscape","CH-NC-6000-FAM2",1.66682118736636,0.0465556837099071,23,29639.175257732,0.0776,0.00337391304347826,0.00490836182552557,1.33801019995372,0.486847977855938,92.8162972825106,90.2592864853749
"78","landscape","CH-NC-6000-NORT",4.65663033147301,0.114460449307643,36,6754.22138836773,0.533,0.0148055555555556,0.0384359128527657,1.14944023856995,0.720625049358965,92.6087811496546,97.1281942789319
"79","landscape","CH-NC-6000-PRES",1.33348808653578,0.00224973888427724,3,1e+05,0.003,0.001,0.000264575131106459,1.51210826210826,0.262327845281273,94.8333333333333,83.6901667353401
"80","landscape","CH-PL-0510-LANG",5.97124766875925,0.925284012067791,2,36.1984398472426,5.5251,2.76255,1.82893168953901,0.0456624842851465,0.00934413899743314,99.359271478038,99.8540686272895
"81","landscape","CH-PL-0510-SL12",3.67527341232095,0.979682215731049,1,27.7731489196245,3.6006,3.6006,NA,0.028328611898017,NA,99.8185168639714,100
"82","landscape","CH-PL-1020-HEAR",6.0537375222085,0.98431753576031,1,16.7819023964557,5.9588,5.9588,NA,0.0235617909646237,NA,99.8205363687683,100
"83","landscape","CH-PL-1020-HUC1",0.929784005583913,0.0425905369012353,10,25252.5252525253,0.0396,0.00396,0.00675511328961666,1.38975596000244,0.4582206935755,90.8944931367743,93.4199881399423
"84","landscape","CH-PL-1020-HUC3",3.92612078924924,0.0187207689078906,48,65306.1224489796,0.0735,0.00153125,0.00128595626311251,1.51859548392611,0.399701500507307,91.6448615881982,79.9047714412072
"85","landscape","CH-PL-2030-BLAC",1.79035325918365,0.174099719371654,14,4491.49823548284,0.3117,0.0222642857142857,0.0439291843966883,1.45442304976469,0.899588253746155,92.8398694805135,98.2516649075068
"86","landscape","CH-PL-2030-BULW",1.5265119600273,0.786498914806099,18,1499.25037481259,1.2006,0.0667,0.274863457010931,2.20655034741825,1.30088712580494,95.7770883486276,99.8401467206241
"87","landscape","CH-PL-2030-FAMN",2.02846287502572,0.217504596920171,44,9972.8014505893,0.4412,0.0100272727272727,0.0286057919296755,1.318327081029,0.514423086617597,89.5394599233823,96.9645512608608
"88","landscape","CH-PL-3040-HOME",3.26703886996694,0.010957935128688,8,22346.3687150838,0.0358,0.004475,0.00552416768132798,1.72589609800363,0.843122697874996,80.8344674475078,93.847436076216
"89","landscape","CH-PL-6000-FAM2",1.45316415562062,0.140865021483121,24,11724.4748412311,0.2047,0.00852916666666667,0.0211338689469455,1.40496663423171,0.754017691612577,89.130275298163,96.166271441672
"90","landscape","CH-PL-6000-NORT",2.48515151991581,0.0309437872836845,15,19505.8517555267,0.0769,0.00512666666666667,0.00740380854374159,1.25771163416835,0.583594382757514,94.5307761201926,92.8333661382062
"91","landscape","CH-PL-6000-PRES",5.8007990154569,0.000413736106630297,2,83333.3333333333,0.0024,0.0012,0.000424264068711928,1.64444444444444,0.125707872210942,82.6704545454545,90.4270279401123
"92","landscape","CS_M1",7.01442831927397,0.0124600318118364,23,26315.7894736842,0.0874,0.0038,0.00505119247846936,1.47724866700145,0.808504359158486,83.5214934009133,90.3400624568479
"93","landscape","CS_M2",1.15203291967485,0.0565088018651185,16,24577.5729646697,0.0651,0.00406875,0.00710893510543832,2.280551870005,1.38133421438375,84.4105022311712,93.7063452428523
"94","landscape","CS_M4",1.23894530776629,0.120344295317454,11,7377.5989268947,0.1491,0.0135545454545455,0.0199908160732054,1.82339017067618,1.38633097942911,87.6377410468319,96.5115568538471
"95","landscape","CS_P1",7.75498925471492,0.0870278446343005,61,9038.37605571196,0.6749,0.0110639344262295,0.0379150982801789,1.43146239297571,0.734824954677598,93.6424441257773,96.1654205283325
"96","landscape","DP_M1",2.83408921173885,0.0321443656828663,34,37321.6245883644,0.0911,0.00267941176470588,0.00651565850118772,1.92966534954805,1.01680560003859,87.548497708963,89.6791687885692
"97","landscape","DP_M2",4.42129932060801,0.0465700205005992,35,16998.5429820301,0.2059,0.00588285714285714,0.012867091762328,1.64594588153806,1.03657045918697,88.5998691181333,94.14091566946
"98","landscape","DP_M3",13.4944108402085,0.0617589022498685,148,17758.5793136549,0.8334,0.00563108108108108,0.0114693905047829,1.25970600293374,0.647929124441877,90.7104449422936,92.3872985968506
"99","landscape","DP_M4",2.02632583981603,0.0204804178995061,14,33734.9397590361,0.0415,0.00296428571428571,0.00303685240462432,1.65271495057081,0.717328277280867,76.8798553350159,89.2273048981437
"100","landscape","DP_P1",1.53233678901494,0.903326220399521,5,361.219476954197,1.3842,0.27684,0.617915024902292,1.85302271740703,1.05306384221042,99.1986610545011,99.9564090238316
"101","landscape","DW_M1",2.08056494953893,0.00100934123708341,4,190476.19047619,0.0021,0.000525,0.000655108133567785,2.91666666666667,1.13447654759234,68.75,80.2133178525046
"102","landscape","DW_M2",4.32893241593689,0.00334955564254561,7,48275.8620689655,0.0145,0.00207142857142857,0.00204671630155418,1.92293304293304,1.06006963919358,81.5855951576033,89.9715846075482
"103","landscape","DW_M3",8.92280549672446,0.181546039594235,90,5555.89851225384,1.6199,0.0179988888888889,0.0623944853052285,1.34983161388348,0.842008466064997,92.9968627332602,97.5786181644982
"104","landscape","DW_M4",5.37969801349221,0.211108504074333,66,5811.39385401074,1.1357,0.0172075757575758,0.0669753463495936,1.66147352271673,0.965224868073958,93.2825038757261,98.2587140864437
"105","landscape","DW_P1",3.52766465784593,0.191458107702452,46,6810.77879774948,0.6754,0.0146826086956522,0.0580610341866321,1.41585328959462,0.729033310518428,92.3586964721892,98.4438655281545
"106","landscape","EA-EW-1020-LOSH",0.73517879976636,0.229331966663866,6,3558.71886120996,0.1686,0.0281,0.0659471303393863,1.79336201598033,1.24842621059362,92.7884526770504,99.6383295366024
"107","landscape","EA-EWNC-0510-ARG2",4.82370230513739,0.0151957967891039,16,21828.1036834925,0.0733,0.00458125,0.00374988333151846,1.23155214451554,0.834950301128156,91.9995276138202,90.287361090086
"108","landscape","EA-EWNC-1020-HIGH",7.31685058299443,0.0421766163596722,74,23979.2611795204,0.3086,0.00417027027027027,0.0053435078963432,1.3403074228059,0.77790409948528,91.6362386952648,89.2650519006898
"109","landscape","EA-EWNC-1020-SUGL",8.19044961985163,0.0161895874041652,27,20361.9909502262,0.1326,0.00491111111111111,0.0125380446682313,1.60982897866985,0.858734402260799,90.9353590337845,94.6500786717419
"110","landscape","EA-EWNC-2030-ARG1",8.19893392327162,0.304807920564724,56,2240.80669040855,2.4991,0.0446267857142857,0.288486078120731,1.16697898655699,0.476572980311979,95.211199575385,99.6484435811426
"111","landscape","EA-EWNC-2030-WIL2",3.8779641851861,0.00461582395948326,10,55865.9217877095,0.0179,0.00179,0.00128534474407107,1.32884567187199,0.272806201474443,91.0203233812219,84.1439227875968
"112","landscape","EA-EWNC-3040-WIL3",4.08081160547887,0.00313663095419911,8,62500,0.0128,0.0016,0.00119283575686561,1.41718797647134,0.288051952594269,90.7531167515083,84.7837744647596
"113","landscape","EA-EWNC-6000-HAYL",47.4560599607762,0.0455979700335115,129,5961.45847774851,2.1639,0.0167744186046512,0.0935949620364507,1.59256561927569,0.916717956955697,92.2611889152134,98.5380728731467
"114","landscape","EA-EWNC-6000-WIL4",11.7948387953706,0.019720489956276,41,17626.8271711092,0.2326,0.00567317073170732,0.0136886819013053,1.1864869227204,0.4523189366682,94.7535024330662,92.8221925808815
"115","landscape","EA-EWPL-1020-HIGH",0.451961012776615,0.109965237255021,10,20120.7243460765,0.0497,0.00497,0.00983576806016354,1.73838460607861,1.06331513511697,86.6582713386821,96.2489792994549
"116","landscape","EA-EWPL-1020-SUGL",53.8465166885266,0.00965336352222681,77,14813.3897652943,0.5198,0.00675064935064935,0.0122502913324823,1.2909299939194,0.703698102730035,92.7651568670665,93.0382403409605
"117","landscape","EA-EWPL-2030-ARG1",5.96077523694211,0.162713734614419,53,5464.48087431694,0.9699,0.0183,0.0546141289129752,1.43111190299257,0.983499486733828,94.062149496362,97.3867129985485
"118","landscape","EA-EWPL-3040-WIL3",2.08862565527838,0.00655933722032828,5,36496.3503649635,0.0137,0.00274,0.00220748725930638,1.21955639988427,0.452560297107944,93.4586334189371,89.7139781325396
"119","landscape","EA-EWPL-6000-HAYL",28.430273335436,0.0210761251898745,77,12850.4672897196,0.5992,0.00778181818181818,0.0209946467316685,1.31441708507933,0.513887737547198,90.2524197976827,95.5643688801739
"120","landscape","EA-EWPL-6000-WIL4",9.71089390508477,0.0236229539980746,58,25283.347863993,0.2294,0.0039551724137931,0.00517216478529476,1.34111584066517,0.694416890326492,92.2885459200749,89.6293352119926
"121","landscape","EA-NC-0510-ARG2",10.9356521996047,0.957565201312684,1,9.54963902364491,10.4716,10.4716,NA,0.0206463195691203,NA,99.7926086290137,100
"122","landscape","EA-NC-1020-HIGH",1.98600237418247,0.822909388853453,1,61.1882763262559,1.6343,1.6343,NA,0.0652267025637888,NA,99.1458526056121,100
"123","landscape","EA-NC-1020-LOSH",2.12037980521983,0.491798685043546,23,2205.60030686613,1.0428,0.0453391304347826,0.17921439608147,1.26984358074831,0.633878746134551,94.3583900266188,99.4927386013711
"124","landscape","EA-NC-1020-SUGL",9.99982316840365,0.914606173126962,30,328.015832230836,9.1459,0.304863333333333,1.6669345405271,2.8682281701071,1.11369076037249,99.4673225176794,99.9644895418816
"125","landscape","EA-NC-2030-ARG1",17.2975575305309,0.861433758708398,26,174.48844685149,14.9007,0.573103846153846,2.91300900327902,1.63137097349657,0.666411533642918,98.6310942842698,99.985737794079
"126","landscape","EA-NC-2030-WIL2",2.65414420800302,0.529021744849518,24,1709.2799658144,1.4041,0.0585041666666667,0.264949362642171,1.85587404985944,1.21174484827592,96.4441119580637,99.7376379201199
"127","landscape","EA-NC-3040-WIL3",1.61732541097365,0.0999180492086095,42,25990.099009901,0.1616,0.00384761904761905,0.00597871175026854,1.47348678588089,0.699898149422423,89.2279287021715,91.1147169002005
"128","landscape","EA-NC-6000-HAYL",2.60580172597123,0.0461662139528908,21,17456.3591022444,0.1203,0.00572857142857143,0.0127415125812104,1.56611910932137,1.0518404662486,90.8166525792931,94.3232485582707
"129","landscape","EA-NC-6000-WIL4",3.91291646908586,0.005162389782555,9,44554.4554455446,0.0202,0.00224444444444444,0.00131444961020869,1.31850053809074,0.65794163087526,89.6520598262905,85.9978452718325
"130","landscape","EA-PL-1020-HIGH",0.980436574189924,0.0244788909673528,7,29166.6666666667,0.024,0.00342857142857143,0.00342184856752131,1.39604175003335,0.82141793790299,90.4690992614616,90.9972989010301
"131","landscape","EA-PL-1020-LOSH",0.80832674799487,0.440044822075166,11,3092.49367444476,0.3557,0.0323363636363636,0.0750393133327761,1.03282299765244,0.734154208285527,92.9176943733695,98.8113712336536
"132","landscape","EA-PL-1020-SUGL",7.2853131919615,0.962758884235635,4,57.0287995437696,7.014,1.7535,3.50673333365018,2.75634481578647,1.88068224614952,99.7373881932022,99.9970214237881
"133","landscape","EA-PL-2030-ARG1",4.32818067144195,0.798187567075164,14,405.245028511882,3.4547,0.246764285714286,0.917724412804379,1.53894260593296,0.836438782749069,97.2643250388318,99.96788006529
"134","landscape","EA-PL-3040-WIL3",2.86097317332476,0.00244671990120943,2,28571.4285714286,0.007,0.0035,0.00325269119345812,1.02873563218391,0.430766200033184,94.8487394957983,96.0220349078283
"135","landscape","EA-PL-6000-HAYL",8.42136194501705,0.00358611827839432,11,36423.8410596027,0.0302,0.00274545454545455,0.00279476783878863,1.44280527910192,0.584887988944225,90.7814657242194,88.8898872691429
"136","landscape","EA-PL-6000-WIL4",6.1909003910572,0.0450176844070346,61,21887.3340509508,0.2787,0.00456885245901639,0.00815552044085491,1.19398686188307,0.456198925016031,92.2040940020299,90.9567340225442
"137","landscape","FF_M1",6.02620349190598,0.0598552638463785,50,13861.9351261436,0.3607,0.007214,0.0420902432341535,2.52573107022746,1.17337996372186,91.8705036798807,97.2177312143168
"138","landscape","FF_M2",0.91854625896411,0.0422406597613893,15,38659.793814433,0.0388,0.00258666666666667,0.00235974171306543,1.63366925588997,0.782485736335456,81.3124666202722,86.8421874931693
"139","landscape","FF_P1",0.775772326627915,0.311173770594917,21,8699.25434962718,0.2414,0.0114952380952381,0.0374236085404718,1.50614194648592,0.899081753602758,90.8635095820708,98.1210955944621
"140","landscape","FL_M1",13.2938754561519,0.0442083275067869,84,14293.0066360388,0.5877,0.00699642857142857,0.0155575762849586,1.41145706926714,0.847159154080825,87.7290264496833,93.7198361338462
"141","landscape","FL_M2",0.95844421804545,0.0557152925486872,19,35580.5243445693,0.0534,0.00281052631578947,0.0042369924785345,1.86535063625504,0.997733105160656,83.7378639624182,90.0710790534052
"142","landscape","FL_M4",1.87898945253824,0.11218796343707,23,10910.8159392789,0.2108,0.00916521739130435,0.0237263874715599,2.0917741030282,1.30646427953446,89.3314806947958,96.3002827646388
"143","landscape","FL_P1",2.3963787495546,0.196296182349067,47,9991.49659863946,0.4704,0.0100085106382979,0.0307307156199817,1.43955185024447,0.547283298750111,90.5192412341644,97.254673805421
"144","landscape","HF_M1",16.9068437274823,0.0929623544958415,203,12915.9508812114,1.5717,0.00774236453201971,0.0282401876120097,1.4132886652257,0.677827753994503,92.2591255270631,95.5031532442043
"145","landscape","HF_M2",17.5691071149593,0.259654629580791,129,2827.76913128302,4.5619,0.0353635658914729,0.288269230965707,1.37376947467407,0.722061839686677,94.6470863386911,99.4520124375156
"146","landscape","HF_M3",0.677581625673035,0.00368959237570348,3,120000,0.0025,0.000833333333333333,0.00045092497528229,2.29487179487179,0.826997611429238,71.6993464052287,82.0353617155087
"147","landscape","HF_M4",1.92522007383988,0.0431638964963916,22,26474.12755716,0.0831,0.00377727272727273,0.00584807105505183,2.04572271895505,1.26673364143276,83.4927652651886,90.8062812971591
"148","landscape","HF_P1",8.50488885516599,0.065997335127908,83,14787.1013718154,0.5613,0.00676265060240964,0.0159277921765804,1.48115417560422,0.750794173334686,90.4871418654302,94.7713111076534
"149","landscape","LB_M1",3.7221094356291,0.0439535706376534,27,16503.6674816626,0.1636,0.00605925925925926,0.00863206273856412,1.82352069039027,1.20173808299543,83.6698221579207,92.6200450402118
"150","landscape","LB_M2",5.52840039347224,0.124122702981181,75,10929.758088021,0.6862,0.00914933333333333,0.0189779984515023,1.27945672181788,0.634338547406012,90.2582114160017,94.8393351443358
"151","landscape","LB_M3",25.7893024626264,0.0331726692197194,177,20689.6551724138,0.8555,0.00483333333333333,0.0108370034575705,1.55116826332094,0.947576342944087,89.5572454233019,91.7234951982335
"152","landscape","LB_M4",0.714188668057928,0.251614185490583,2,1112.96605453534,0.1797,0.08985,0.110520789899457,0.571810134310134,0.109972803728494,90.0113951954606,99.7528445968083
"153","landscape","LB_P1",1.57178841087744,0.350619712033857,25,4536.38178189076,0.5511,0.022044,0.0642659064616172,1.16686593898093,0.48402991754908,92.7235572166453,98.3169407191127
"154","landscape","MG_M1",5.64202267854642,0.548189926949538,31,1002.29558019981,3.0929,0.0997709677419355,0.532841827808559,1.75914182688674,1.14054723812721,93.4711145626103,99.9176371441033
"155","landscape","MG_M2",16.3562553482333,0.0506962004655646,128,15436.5653642065,0.8292,0.006478125,0.0145090302453823,1.37750332033053,0.850695279515609,91.6590150487274,93.4137905955672
"156","landscape","MG_M3",1.36462018445281,0.132930761296586,36,19845.644983462,0.1814,0.00503888888888889,0.014433201363083,1.73913975918457,0.962239791811817,85.1120439479303,95.8562177314775
"157","landscape","MG_M4",2.93417223838423,0.0612097673239867,45,25055.6792873051,0.1796,0.00399111111111111,0.0153040966325155,1.8922742033726,0.81863432252599,90.1401344514186,94.1372836689677
"158","landscape","MG_P1",16.3702156983565,0.915992817462106,3,20.0066688896299,14.995,4.99833333333333,8.65710747902169,2.35401175081862,2.04691651070223,98.7025491015462,99.999719967031
"159","landscape","SE-EW-1020-COMF",1.5225388768306,0.0386197035062916,31,52721.0884353741,0.0588,0.00189677419354839,0.00239756597002985,2.22076110188339,1.20859229327599,78.7591341233845,85.7884556477199
"160","landscape","SE-EW-1020-VICT",7.27585719813509,0.000549763401214809,6,150000,0.004,0.000666666666666667,0.000432049379893857,2.35185185185185,0.878878821874264,66.7058823529412,76.8097459712072
"161","landscape","SE-EWNC-1020-HAIN",7.27047833089586,0.000866517952914897,4,63492.0634920635,0.0063,0.001575,0.000797391580927046,1.32481648785997,0.322389971541729,94.7665732959851,86.6066374345207
"162","landscape","SE-EWNC-2030-OLDP",5.20183080266379,0.119169581540899,49,7904.50072592354,0.6199,0.0126510204081633,0.0268558972608825,1.23323047310744,0.638372945665426,90.4000602918618,96.4018662098965
"163","landscape","SE-EWNC-3040-RAVE",2.0679294531554,0.0364132344481586,9,11952.1912350598,0.0753,0.00836666666666667,0.0144510380250001,1.19970533735,0.526015816335939,90.9785920693561,96.3545960413291
"164","landscape","SE-EWNC-6000-BOWD",9.46106746071428,0.0715458380157133,58,8568.47392524745,0.6769,0.0116706896551724,0.0241947363321591,1.17024833866451,0.598135432888732,94.8096235802439,95.2106513081781
"165","landscape","SE-EWPL-1020-HAIN",0.973220555004128,0.00832288216514872,5,61728.3950617284,0.0081,0.00162,0.00106160256216722,1.35286738351254,0.376354966560586,94.0701754385965,85.8674759896464
"166","landscape","SE-EWPL-2030-OLDP",2.09955584833885,0.0165273050619036,7,20172.9106628242,0.0347,0.00495714285714286,0.00724151391695989,1.20384322765441,0.390792225468855,87.1135865557003,95.1570967586745
"167","landscape","SE-EWPL-3040-RAVE",2.32806271000095,0.0131869300032676,11,35830.6188925081,0.0307,0.00279090909090909,0.00305105048973449,1.50502639914405,0.94221920949156,89.2064888186325,89.7990059649113
"168","landscape","SE-EWPL-5060-BOWD",4.42428745197486,0.0870196623024908,26,6753.24675324675,0.385,0.0148076923076923,0.036853460332261,1.03008520249156,0.441499103981382,94.3878063017663,97.0918308229595
"169","landscape","SE-NC-1020-COMF",0.538826684647889,0.880245937169842,1,210.837022981236,0.4743,0.4743,NA,0.141260805397428,NA,97.8925973470261,100
"170","landscape","SE-NC-1020-HAIN",3.77164146637097,0.172312242771402,25,3846.74565317741,0.6499,0.025996,0.110780245982756,1.2924434260037,0.472589842097799,94.5719143915174,99.2624035071355
"171","landscape","SE-NC-1020-VICT",3.9620642315465,0.95175135475482,1,26.5188681747063,3.7709,3.7709,NA,0.0411042456707948,NA,99.4855322608591,100
"172","landscape","SE-NC-2030-OLDP",1.42365009315033,0.542900255981921,5,646.914219174537,0.7729,0.15458,0.340230094200969,0.972227132370268,0.492445134245369,97.2227028854858,99.8903211061828
"173","landscape","SE-NC-3040-RAVE",8.25379180783741,0.0611718846022468,58,11487.4232521291,0.5049,0.0087051724137931,0.0274082931643012,1.41937586476752,0.5750687682322,93.7805570284412,96.2529741129375
"174","landscape","SE-NC-6000-BOWD",5.62109185665977,0.218000351399376,24,1958.54414884935,1.2254,0.0510583333333333,0.211185988329403,1.37651182552428,0.760623200662565,96.6365643030698,99.4679856667439
"175","landscape","SE-PL-1020-COMF",3.70522700621809,0.974731101208922,1,27.6885590873851,3.6116,3.6116,NA,0.0362720124044745,NA,99.6186552727171,100
"176","landscape","SE-PL-1020-HAIN",6.51507569366217,0.901002578636254,5,85.1774245753905,5.8701,1.17402,2.61769846086214,0.889458515575673,0.533870949086551,98.901462079471,99.9847380007661
"177","landscape","SE-PL-1020-VICT",1.56537992641963,0.886430173647204,2,144.133756125685,1.3876,0.6938,0.980474262793267,1.05767428447841,1.33264980706357,97.9502771344294,99.994595784168
"178","landscape","SE-PL-2030-OLDP",8.49395069022442,0.069979214817445,40,6729.47510094213,0.5944,0.01486,0.0293123567188013,1.10545508577827,0.758322597065554,95.4929548159018,95.563120746217
"179","landscape","SE-PL-3040-RAVE",3.34070282993317,0.0190379100559724,45,70754.7169811321,0.0636,0.00141333333333333,0.0017913428178071,1.71997036808782,0.565303025810656,89.3561580546628,81.1878469588278
"180","landscape","SE-PL-5060-BOWD",1.84750176498559,0.0633287622330972,11,9401.7094017094,0.117,0.0106363636363636,0.025848801625115,1.1521437728152,0.531357752419776,97.3160054531149,96.6014799908887
"181","landscape","SH_M1",4.90261781124055,0.0356748183794779,48,27444.2538593482,0.1749,0.00364375,0.00713936960832365,1.37080104416952,0.548442557512589,92.7267516491657,90.307628064983
"182","landscape","SH_M2",12.6136489079773,0.11388457142576,116,8075.18273581622,1.4365,0.0123836206896552,0.0439078737991174,1.31882179593145,0.791257735323344,93.2767718396471,96.4841207540676
"183","landscape","SH_P1",4.6114325091914,0.446217091087995,44,2138.30976332799,2.0577,0.0467659090909091,0.272663357430368,1.11963116990468,0.496884416079413,97.3887753354583,99.329417347352
"184","landscape","WE-EWNC-1020-PIDD",12.7401297898614,0.0431863732218684,121,21992.0029080334,0.5502,0.00454710743801653,0.00874645713398827,1.41473669702737,0.693186049912918,92.5674400084837,91.2109946282306
"185","landscape","WE-EWNC-1020-SWAN",3.9632166832481,0.0261656145217403,28,27000.9643201543,0.1037,0.00370357142857143,0.00575425653355568,1.2637652197715,0.49479308374239,95.2937077926157,89.4783302576335
"186","landscape","WE-EWNC-2030-CHUR",3.53167384134978,0.0236148647203857,18,21582.7338129496,0.0834,0.00463333333333333,0.00521423391248587,1.21529859978284,0.467989993608096,91.8831813758425,91.3374702211097
"187","landscape","WE-EWNC-3040-WYTH",3.44854219106995,0.0308826147685777,19,17840.3755868545,0.1065,0.00560526315789474,0.0116869572926504,1.44647261324342,0.885120032413054,91.9903274076471,93.4016355088249
"188","landscape","WE-EWPL-1020-PIDD",3.33521047933996,0.0385283030249504,78,60700.3891050584,0.1285,0.0016474358974359,0.00151689398639699,1.4877939414899,0.429630378649487,92.88888398795,80.1790883025602
"189","landscape","WE-EWPL-1020-SWAN",1.88790262788506,0.0339530222868584,23,35881.4352574103,0.0641,0.00278695652173913,0.00291115477678315,1.57013385519561,0.974928222089499,89.748086648946,87.4942903486152
"190","landscape","WE-EWPL-2030-CHUR",2.59148410758069,0.00690723896304761,8,44692.7374301676,0.0179,0.0022375,0.00313684896489637,1.47982397504456,0.553233742229563,93.1824998508153,89.0765247204823
"191","landscape","WE-EWPL-3040-WYTH",2.47447834324979,0.285676373740904,21,2970.71721601358,0.7069,0.0336619047619048,0.121909275595381,1.49918231899263,1.31817958506201,93.2775809916827,99.1845007382341
"192","landscape","WE-NC-1020-PIDD",2.83157613502052,0.822580742644634,2,85.8663918942126,2.3292,1.1646,0.398525381876738,0.0779794266332787,0.000576325937261663,98.7013267643373,99.7463793036282
"193","landscape","WE-NC-1020-SWAN",1.9347755449879,0.0497215298431952,18,18711.0187110187,0.0962,0.00534444444444445,0.0106312094504381,1.26521073563595,0.481350907447904,91.1343498228852,94.6097635002036
"194","landscape","WE-NC-2030-CHUR",1.53920111797515,0.296582424914384,35,7667.03176341731,0.4565,0.0130428571428571,0.0596965871805785,1.4546146955055,0.684037761800186,92.1803927445099,98.7463901378265
"195","landscape","WE-NC-3040-WYTH",0.629829834955744,0.151945802959183,7,7314.52455590387,0.0957,0.0136714285714286,0.0176013933431148,0.932895828189823,0.632870727188821,95.7006375741912,96.5624223952778
"196","landscape","WE-PL-1020-PIDD",10.0305860949841,0.609555607429306,97,1586.47083837624,6.1142,0.0630329896907217,0.578768111257589,1.33781329776114,0.471378043511032,94.0084552163671,99.8872621718848
"197","landscape","WE-PL-1020-SWAN",1.10071257281231,0.378936345693147,21,5034.76384560058,0.4171,0.0198619047619048,0.0767261915918578,1.51638477064717,0.800191450369997,93.7699117895808,98.9783340749188
"198","landscape","WE-PL-2030-CHUR",0.816498887948284,0.0845071573500665,32,46376.8115942029,0.069,0.00215625,0.00242339903920626,1.53227204996936,0.598369471192573,89.4493352258755,85.506051024399
"199","landscape","WE-PL-3040-WYTH",1.91214097497107,0.0129697550152521,9,36290.3225806452,0.0248,0.00275555555555556,0.004621718054769,1.67858466415513,1.09682516611643,89.9109392375653,91.688409049175
"200","landscape","WT4509",9.41805958951944,0.126650292309402,123,10311.8712273642,1.1928,0.00969756097560976,0.0350122542093775,1.89557757485179,1.16309062414685,88.8078058325118,97.194063599677
"201","landscape","WT4688",31.8949969369045,0.343909736743326,391,3564.5911204303,10.969,0.0280537084398977,0.151826591300588,1.22833412902976,0.60722073396095,92.6482847538423,98.7593965623756
"202","landscape","WT4691",29.0863685495101,0.21999996283853,403,6297.85904047507,6.399,0.01587841191067,0.0932023767951106,1.34792395209731,0.723639523423503,93.1874630016288,97.9248237218499
"203","landscape","WT4832",7.22461309313597,0.141502387300335,113,11053.5067983958,1.0223,0.00904690265486726,0.0335837122267319,1.32754854662049,0.568244735413181,91.4913666019094,96.4466746822055
"204","landscape","WT4945",5.67121963734187,0.161058830094635,41,4488.723450843,0.9134,0.0222780487804878,0.0644379644006355,1.03345928575,0.429818599369389,92.0664765805072,97.8823218690659
"205","landscape","WT4975",2.5299412838025,0.186012222106866,59,12537.1865703357,0.4706,0.00797627118644068,0.0223371759010743,1.53492596176374,0.847225080846245,92.0002822678654,94.8434789026156
"206","landscape","WT5163",5.44190443519684,0.187746773609604,119,11647.2545757072,1.0217,0.00858571428571429,0.0205404944641781,1.36766410288171,0.74939480825047,88.4049680052062,95.1637884997588
"207","landscape","WT5210",7.0348831455888,0.1398317469732,13,1321.54112026024,0.9837,0.0756692307692308,0.175427612728704,1.158016710564,0.57507332335167,95.8044944833543,99.1780388103615
"208","landscape","WT5226",3.66768400608227,0.192819228381513,48,6787.33031674208,0.7072,0.0147333333333333,0.0412654991298993,1.44576829888245,0.953108630446676,89.6746241331044,97.3678036740838
"209","landscape","WT5231",3.41793751735197,0.149563880967622,39,7629.10798122066,0.5112,0.0131076923076923,0.0384523655053297,1.59061944080429,0.957448818489684,95.8827546229448,96.8932911765299
"210","landscape","WT5233",6.33684691418025,0.445079396456408,121,4290.17160686427,2.8204,0.0233090909090909,0.135632090598059,1.50479226903889,0.765488536993515,93.3047024488108,98.8667417107085
"211","landscape","WT5291",4.51345181046734,0.448481580174533,37,1827.88262029444,2.0242,0.0547081081081081,0.265871731164546,1.75135574158727,1.03763776247053,93.5042324965297,99.6562599720604
