ID,Age,treeDensity,dbhMean,dbhSD
56429,50,2014,19.2,12.3
56429,50,2014,19.2,12.3
56429,50,2014,19.2,12.3
56429,50,2014,19.2,12.3
56429,50,2014,19.2,12.3
56429,50,2014,19.2,12.3
56429,50,2014,19.2,12.3
56429,50,2014,19.2,12.3
56429,50,2014,19.2,12.3
56429,50,2014,19.2,12.3
56429,50,2014,19.2,12.3
56429,50,2014,19.2,12.3
56429,50,2014,19.2,12.3
56429,50,2014,19.2,12.3
56429,50,2014,19.2,12.3
56429,50,2014,19.2,12.3
56429,50,2014,19.2,12.3
56429,50,2014,19.2,12.3
56429,50,2014,19.2,12.3
56429,50,2014,19.2,12.3
56429,50,2014,19.2,12.3
56429,50,2014,19.2,12.3
56429,50,2014,19.2,12.3
56429,50,2014,19.2,12.3
56429,50,2014,19.2,12.3
56429,50,2014,19.2,12.3
182014,10,1531,14.2,4.9
182014,10,1531,14.2,4.9
182014,10,1531,14.2,4.9
182014,10,1531,14.2,4.9
182014,10,1531,14.2,4.9
182014,10,1531,14.2,4.9
182014,10,1531,14.2,4.9
182014,10,1531,14.2,4.9
182014,10,1531,14.2,4.9
182014,10,1531,14.2,4.9
182014,10,1531,14.2,4.9
182014,10,1531,14.2,4.9
182014,10,1531,14.2,4.9
182014,10,1531,14.2,4.9
182014,10,1531,14.2,4.9
182014,10,1531,14.2,4.9
182014,10,1531,14.2,4.9
182014,10,1531,14.2,4.9
182014,10,1531,14.2,4.9
182014,10,1531,14.2,4.9
182458,90,296,46.8,29.3
182458,90,296,46.8,29.3
182458,90,296,46.8,29.3
182458,90,296,46.8,29.3
182458,90,296,46.8,29.3
182458,90,296,46.8,29.3
182458,90,296,46.8,29.3
182458,90,296,46.8,29.3
182458,90,296,46.8,29.3
182458,90,296,46.8,29.3
182458,90,296,46.8,29.3
182458,90,296,46.8,29.3
182458,90,296,46.8,29.3
182458,90,296,46.8,29.3
183278,50,333,46.3,15.9
183278,50,333,46.3,15.9
183278,50,333,46.3,15.9
183278,50,333,46.3,15.9
183278,50,333,46.3,15.9
183278,50,333,46.3,15.9
183278,50,333,46.3,15.9
183278,50,333,46.3,15.9
183278,50,333,46.3,15.9
183278,50,333,46.3,15.9
183278,50,333,46.3,15.9
183278,50,333,46.3,15.9
183278,50,333,46.3,15.9
183278,50,333,46.3,15.9
183278,50,333,46.3,15.9
183278,50,333,46.3,15.9
183278,50,333,46.3,15.9
183278,50,333,46.3,15.9
183278,50,333,46.3,15.9
183278,50,333,46.3,15.9
183278,50,333,46.3,15.9
183278,50,333,46.3,15.9
183278,50,333,46.3,15.9
183278,50,333,46.3,15.9
183278,50,333,46.3,15.9
183278,50,333,46.3,15.9
183479,60,355,54.4,15.3
183479,60,355,54.4,15.3
183479,60,355,54.4,15.3
183479,60,355,54.4,15.3
183479,60,355,54.4,15.3
183479,60,355,54.4,15.3
183479,60,355,54.4,15.3
183479,60,355,54.4,15.3
183479,60,355,54.4,15.3
183479,60,355,54.4,15.3
183479,60,355,54.4,15.3
183479,60,355,54.4,15.3
183479,60,355,54.4,15.3
183479,60,355,54.4,15.3
183479,60,355,54.4,15.3
183479,60,355,54.4,15.3
183479,60,355,54.4,15.3
183479,60,355,54.4,15.3
183479,60,355,54.4,15.3
183479,60,355,54.4,15.3
183479,60,355,54.4,15.3
183479,60,355,54.4,15.3
183479,60,355,54.4,15.3
183479,60,355,54.4,15.3
183479,60,355,54.4,15.3
186253,20,1321,18.5,3.9
186253,20,1321,18.5,3.9
186253,20,1321,18.5,3.9
186253,20,1321,18.5,3.9
186253,20,1321,18.5,3.9
186253,20,1321,18.5,3.9
186253,20,1321,18.5,3.9
186253,20,1321,18.5,3.9
186253,20,1321,18.5,3.9
186253,20,1321,18.5,3.9
186253,20,1321,18.5,3.9
186253,20,1321,18.5,3.9
186253,20,1321,18.5,3.9
186253,20,1321,18.5,3.9
186253,20,1321,18.5,3.9
186253,20,1321,18.5,3.9
186253,20,1321,18.5,3.9
186253,20,1321,18.5,3.9
186253,20,1321,18.5,3.9
186253,20,1321,18.5,3.9
186253,20,1321,18.5,3.9
186449,110,629,34.6,13.9
186449,110,629,34.6,13.9
186449,110,629,34.6,13.9
186449,110,629,34.6,13.9
186449,110,629,34.6,13.9
186449,110,629,34.6,13.9
186449,110,629,34.6,13.9
186449,110,629,34.6,13.9
186449,110,629,34.6,13.9
186449,110,629,34.6,13.9
186449,110,629,34.6,13.9
186449,110,629,34.6,13.9
186449,110,629,34.6,13.9
186449,110,629,34.6,13.9
186449,110,629,34.6,13.9
186449,110,629,34.6,13.9
186449,110,629,34.6,13.9
186449,110,629,34.6,13.9
186449,110,629,34.6,13.9
186460,80,973,21.5,8.2
186460,80,973,21.5,8.2
186460,80,973,21.5,8.2
186460,80,973,21.5,8.2
186460,80,973,21.5,8.2
186460,80,973,21.5,8.2
186460,80,973,21.5,8.2
186460,80,973,21.5,8.2
186460,80,973,21.5,8.2
186460,80,973,21.5,8.2
186460,80,973,21.5,8.2
186460,80,973,21.5,8.2
186460,80,973,21.5,8.2
186460,80,973,21.5,8.2
186460,80,973,21.5,8.2
186460,80,973,21.5,8.2
186460,80,973,21.5,8.2
186460,80,973,21.5,8.2
186969,20,757,21.6,9.4
186969,20,757,21.6,9.4
186969,20,757,21.6,9.4
186969,20,757,21.6,9.4
186969,20,757,21.6,9.4
186969,20,757,21.6,9.4
186969,20,757,21.6,9.4
186969,20,757,21.6,9.4
186969,20,757,21.6,9.4
186969,20,757,21.6,9.4
186969,20,757,21.6,9.4
187270,60,737,32.7,10.4
187270,60,737,32.7,10.4
187270,60,737,32.7,10.4
187270,60,737,32.7,10.4
187270,60,737,32.7,10.4
187270,60,737,32.7,10.4
187270,60,737,32.7,10.4
187270,60,737,32.7,10.4
187270,60,737,32.7,10.4
187270,60,737,32.7,10.4
187270,60,737,32.7,10.4
187270,60,737,32.7,10.4
187270,60,737,32.7,10.4
187270,60,737,32.7,10.4
187270,60,737,32.7,10.4
187270,60,737,32.7,10.4
187270,60,737,32.7,10.4
187270,60,737,32.7,10.4
187943,110,398,34.4,17.5
187943,110,398,34.4,17.5
187943,110,398,34.4,17.5
187943,110,398,34.4,17.5
187943,110,398,34.4,17.5
187943,110,398,34.4,17.5
187943,110,398,34.4,17.5
187943,110,398,34.4,17.5
187943,110,398,34.4,17.5
187943,110,398,34.4,17.5
187943,110,398,34.4,17.5
187943,110,398,34.4,17.5
187943,110,398,34.4,17.5
187943,110,398,34.4,17.5
187943,110,398,34.4,17.5
187943,110,398,34.4,17.5
187943,110,398,34.4,17.5
187943,110,398,34.4,17.5
187943,110,398,34.4,17.5
187943,110,398,34.4,17.5
188912,110,1187,24,10.5
188912,110,1187,24,10.5
188912,110,1187,24,10.5
188912,110,1187,24,10.5
188912,110,1187,24,10.5
188912,110,1187,24,10.5
188912,110,1187,24,10.5
188912,110,1187,24,10.5
188912,110,1187,24,10.5
188912,110,1187,24,10.5
188912,110,1187,24,10.5
188912,110,1187,24,10.5
188912,110,1187,24,10.5
188912,110,1187,24,10.5
188912,110,1187,24,10.5
188912,110,1187,24,10.5
188912,110,1187,24,10.5
189455,30,398,25.6,11.5
189455,30,398,25.6,11.5
189455,30,398,25.6,11.5
189455,30,398,25.6,11.5
189455,30,398,25.6,11.5
189455,30,398,25.6,11.5
189455,30,398,25.6,11.5
189455,30,398,25.6,11.5
189455,30,398,25.6,11.5
189455,30,398,25.6,11.5
189455,30,398,25.6,11.5
189455,30,398,25.6,11.5
189455,30,398,25.6,11.5
189455,30,398,25.6,11.5
189455,30,398,25.6,11.5
189455,30,398,25.6,11.5
189455,30,398,25.6,11.5
189455,30,398,25.6,11.5
189455,30,398,25.6,11.5
189455,30,398,25.6,11.5
189455,30,398,25.6,11.5
189455,30,398,25.6,11.5
189455,30,398,25.6,11.5
189455,30,398,25.6,11.5
189455,30,398,25.6,11.5
189455,30,398,25.6,11.5
189455,30,398,25.6,11.5
189455,30,398,25.6,11.5
189594,110,527,20.4,12.4
189594,110,527,20.4,12.4
189594,110,527,20.4,12.4
189594,110,527,20.4,12.4
189594,110,527,20.4,12.4
189594,110,527,20.4,12.4
189594,110,527,20.4,12.4
189594,110,527,20.4,12.4
189594,110,527,20.4,12.4
189594,110,527,20.4,12.4
189594,110,527,20.4,12.4
189594,110,527,20.4,12.4
189594,110,527,20.4,12.4
189594,110,527,20.4,12.4
189594,110,527,20.4,12.4
189594,110,527,20.4,12.4
189594,110,527,20.4,12.4
189594,110,527,20.4,12.4
189594,110,527,20.4,12.4
189594,110,527,20.4,12.4
189594,110,527,20.4,12.4
189594,110,527,20.4,12.4
189594,110,527,20.4,12.4
189646,20,2115,14.1,4.3
189646,20,2115,14.1,4.3
189646,20,2115,14.1,4.3
189646,20,2115,14.1,4.3
189646,20,2115,14.1,4.3
189646,20,2115,14.1,4.3
189646,20,2115,14.1,4.3
189646,20,2115,14.1,4.3
189646,20,2115,14.1,4.3
189646,20,2115,14.1,4.3
189646,20,2115,14.1,4.3
189646,20,2115,14.1,4.3
189646,20,2115,14.1,4.3
189646,20,2115,14.1,4.3
189646,20,2115,14.1,4.3
189646,20,2115,14.1,4.3
189646,20,2115,14.1,4.3
189646,20,2115,14.1,4.3
189646,20,2115,14.1,4.3
189646,20,2115,14.1,4.3
189646,20,2115,14.1,4.3
189646,20,2115,14.1,4.3
189646,20,2115,14.1,4.3
189646,20,2115,14.1,4.3
189934,40,906,25,8.4
189934,40,906,25,8.4
189934,40,906,25,8.4
189934,40,906,25,8.4
189934,40,906,25,8.4
189934,40,906,25,8.4
189934,40,906,25,8.4
189934,40,906,25,8.4
189934,40,906,25,8.4
189934,40,906,25,8.4
189934,40,906,25,8.4
189934,40,906,25,8.4
189934,40,906,25,8.4
189934,40,906,25,8.4
189934,40,906,25,8.4
189934,40,906,25,8.4
189934,40,906,25,8.4
189934,40,906,25,8.4
189934,40,906,25,8.4
189934,40,906,25,8.4
189934,40,906,25,8.4
189934,40,906,25,8.4
189934,40,906,25,8.4
189934,40,906,25,8.4
189934,40,906,25,8.4
189934,40,906,25,8.4
190325,20,230,24.4,12.2
190325,20,230,24.4,12.2
190325,20,230,24.4,12.2
190325,20,230,24.4,12.2
190325,20,230,24.4,12.2
190325,20,230,24.4,12.2
190325,20,230,24.4,12.2
190325,20,230,24.4,12.2
190325,20,230,24.4,12.2
190325,20,230,24.4,12.2
190325,20,230,24.4,12.2
190325,20,230,24.4,12.2
190325,20,230,24.4,12.2
190325,20,230,24.4,12.2
190325,20,230,24.4,12.2
190325,20,230,24.4,12.2
190457,110,709,23.9,17.3
190457,110,709,23.9,17.3
190457,110,709,23.9,17.3
190457,110,709,23.9,17.3
190457,110,709,23.9,17.3
190457,110,709,23.9,17.3
190457,110,709,23.9,17.3
190457,110,709,23.9,17.3
190457,110,709,23.9,17.3
190457,110,709,23.9,17.3
190457,110,709,23.9,17.3
190457,110,709,23.9,17.3
190457,110,709,23.9,17.3
190457,110,709,23.9,17.3
190457,110,709,23.9,17.3
190783,20,1662,16.2,6.7
190783,20,1662,16.2,6.7
190783,20,1662,16.2,6.7
190783,20,1662,16.2,6.7
190783,20,1662,16.2,6.7
190783,20,1662,16.2,6.7
190783,20,1662,16.2,6.7
190783,20,1662,16.2,6.7
190783,20,1662,16.2,6.7
190783,20,1662,16.2,6.7
190783,20,1662,16.2,6.7
190783,20,1662,16.2,6.7
190783,20,1662,16.2,6.7
190783,20,1662,16.2,6.7
190783,20,1662,16.2,6.7
190783,20,1662,16.2,6.7
190783,20,1662,16.2,6.7
190783,20,1662,16.2,6.7
191362,80,290,41.3,6.1
191362,80,290,41.3,6.1
191362,80,290,41.3,6.1
191362,80,290,41.3,6.1
191362,80,290,41.3,6.1
191362,80,290,41.3,6.1
191362,80,290,41.3,6.1
191362,80,290,41.3,6.1
191362,80,290,41.3,6.1
191362,80,290,41.3,6.1
191362,80,290,41.3,6.1
191362,80,290,41.3,6.1
191362,80,290,41.3,6.1
191362,80,290,41.3,6.1
191362,80,290,41.3,6.1
191362,80,290,41.3,6.1
191362,80,290,41.3,6.1
191362,80,290,41.3,6.1
191362,80,290,41.3,6.1
191362,80,290,41.3,6.1
191362,80,290,41.3,6.1
191362,80,290,41.3,6.1
191362,80,290,41.3,6.1
191362,80,290,41.3,6.1
191362,80,290,41.3,6.1
191362,80,290,41.3,6.1
191362,80,290,41.3,6.1
191362,80,290,41.3,6.1
191362,80,290,41.3,6.1
191362,80,290,41.3,6.1
191362,80,290,41.3,6.1
191362,80,290,41.3,6.1
191362,80,290,41.3,6.1
191362,80,290,41.3,6.1
191362,80,290,41.3,6.1
192053,10,1287,21.5,7.3
192053,10,1287,21.5,7.3
192053,10,1287,21.5,7.3
192053,10,1287,21.5,7.3
192053,10,1287,21.5,7.3
192053,10,1287,21.5,7.3
192053,10,1287,21.5,7.3
192053,10,1287,21.5,7.3
192053,10,1287,21.5,7.3
192053,10,1287,21.5,7.3
192053,10,1287,21.5,7.3
192053,10,1287,21.5,7.3
192053,10,1287,21.5,7.3
192053,10,1287,21.5,7.3
192053,10,1287,21.5,7.3
192417,40,1832,21.4,5.4
192417,40,1832,21.4,5.4
192417,40,1832,21.4,5.4
192417,40,1832,21.4,5.4
192417,40,1832,21.4,5.4
192417,40,1832,21.4,5.4
192417,40,1832,21.4,5.4
192417,40,1832,21.4,5.4
192417,40,1832,21.4,5.4
192417,40,1832,21.4,5.4
192417,40,1832,21.4,5.4
192417,40,1832,21.4,5.4
192446,40,639,14.2,4.4
192446,40,639,14.2,4.4
192446,40,639,14.2,4.4
192446,40,639,14.2,4.4
192446,40,639,14.2,4.4
192446,40,639,14.2,4.4
192446,40,639,14.2,4.4
192446,40,639,14.2,4.4
192446,40,639,14.2,4.4
192446,40,639,14.2,4.4
192446,40,639,14.2,4.4
192446,40,639,14.2,4.4
192446,40,639,14.2,4.4
192446,40,639,14.2,4.4
192446,40,639,14.2,4.4
192446,40,639,14.2,4.4
192446,40,639,14.2,4.4
192446,40,639,14.2,4.4
192446,40,639,14.2,4.4
192446,40,639,14.2,4.4
192446,40,639,14.2,4.4
192446,40,639,14.2,4.4
194918,10,1176,8.1,16.8
194918,10,1176,8.1,16.8
194918,10,1176,8.1,16.8
194918,10,1176,8.1,16.8
194918,10,1176,8.1,16.8
194918,10,1176,8.1,16.8
194918,10,1176,8.1,16.8
194918,10,1176,8.1,16.8
194918,10,1176,8.1,16.8
194918,10,1176,8.1,16.8
194918,10,1176,8.1,16.8
194918,10,1176,8.1,16.8
194918,10,1176,8.1,16.8
194918,10,1176,8.1,16.8
194918,10,1176,8.1,16.8
194918,10,1176,8.1,16.8
194918,10,1176,8.1,16.8
194918,10,1176,8.1,16.8
194918,10,1176,8.1,16.8
194918,10,1176,8.1,16.8
194918,10,1176,8.1,16.8
194918,10,1176,8.1,16.8
194918,10,1176,8.1,16.8
194918,10,1176,8.1,16.8
194918,10,1176,8.1,16.8
194918,10,1176,8.1,16.8
194918,10,1176,8.1,16.8
194918,10,1176,8.1,16.8
194918,10,1176,8.1,16.8
194918,10,1176,8.1,16.8
194918,10,1176,8.1,16.8
194918,10,1176,8.1,16.8
299021,60,568,26.3,19.8
299021,60,568,26.3,19.8
299021,60,568,26.3,19.8
299021,60,568,26.3,19.8
299021,60,568,26.3,19.8
299021,60,568,26.3,19.8
299021,60,568,26.3,19.8
299021,60,568,26.3,19.8
299021,60,568,26.3,19.8
299021,60,568,26.3,19.8
299021,60,568,26.3,19.8
299021,60,568,26.3,19.8
299021,60,568,26.3,19.8
299021,60,568,26.3,19.8
299021,60,568,26.3,19.8
299021,60,568,26.3,19.8
299021,60,568,26.3,19.8
299021,60,568,26.3,19.8
299021,60,568,26.3,19.8
299021,60,568,26.3,19.8
299021,60,568,26.3,19.8
299021,60,568,26.3,19.8
299021,60,568,26.3,19.8
299021,60,568,26.3,19.8
305284,30,535,23.3,7.7
305284,30,535,23.3,7.7
305284,30,535,23.3,7.7
305284,30,535,23.3,7.7
305284,30,535,23.3,7.7
305284,30,535,23.3,7.7
305284,30,535,23.3,7.7
305284,30,535,23.3,7.7
305284,30,535,23.3,7.7
305284,30,535,23.3,7.7
305284,30,535,23.3,7.7
305284,30,535,23.3,7.7
305284,30,535,23.3,7.7
305284,30,535,23.3,7.7
305284,30,535,23.3,7.7
305284,30,535,23.3,7.7
305284,30,535,23.3,7.7
305284,30,535,23.3,7.7
305284,30,535,23.3,7.7
305284,30,535,23.3,7.7
305284,30,535,23.3,7.7
305284,30,535,23.3,7.7
305284,30,535,23.3,7.7
305284,30,535,23.3,7.7
305284,30,535,23.3,7.7
305284,30,535,23.3,7.7
305284,30,535,23.3,7.7
305284,30,535,23.3,7.7
305284,30,535,23.3,7.7
305284,30,535,23.3,7.7
1105056,250,279.8,49.3,23.2
1105056,250,279.8,49.3,23.2
1105056,250,279.8,49.3,23.2
1105056,250,279.8,49.3,23.2
1105056,250,279.8,49.3,23.2
1105056,250,279.8,49.3,23.2
1105056,250,279.8,49.3,23.2
1105056,250,279.8,49.3,23.2
1105056,250,279.8,49.3,23.2
1105056,250,279.8,49.3,23.2
1105056,250,279.8,49.3,23.2
1105056,250,279.8,49.3,23.2
1105056,250,279.8,49.3,23.2
1105056,250,279.8,49.3,23.2
1105056,250,279.8,49.3,23.2
1105056,250,279.8,49.3,23.2
1105056,250,279.8,49.3,23.2
1105056,250,279.8,49.3,23.2
1105056,250,279.8,49.3,23.2
1105056,250,279.8,49.3,23.2
1105056,250,279.8,49.3,23.2
1105056,250,279.8,49.3,23.2
1105056,250,279.8,49.3,23.2
1105056,250,279.8,49.3,23.2
1105056,250,279.8,49.3,23.2
1105056,250,279.8,49.3,23.2
1105206,250,611.9,28.1,20.3
1105206,250,611.9,28.1,20.3
1105206,250,611.9,28.1,20.3
1105206,250,611.9,28.1,20.3
1105206,250,611.9,28.1,20.3
1105206,250,611.9,28.1,20.3
1105206,250,611.9,28.1,20.3
1105206,250,611.9,28.1,20.3
1105206,250,611.9,28.1,20.3
1105206,250,611.9,28.1,20.3
1105206,250,611.9,28.1,20.3
1105206,250,611.9,28.1,20.3
1105206,250,611.9,28.1,20.3
1105206,250,611.9,28.1,20.3
1105206,250,611.9,28.1,20.3
1105206,250,611.9,28.1,20.3
1105206,250,611.9,28.1,20.3
1105206,250,611.9,28.1,20.3
1105206,250,611.9,28.1,20.3
1105206,250,611.9,28.1,20.3
1105206,250,611.9,28.1,20.3
1105206,250,611.9,28.1,20.3
1105206,250,611.9,28.1,20.3
1105206,250,611.9,28.1,20.3
1105206,250,611.9,28.1,20.3
1105206,250,611.9,28.1,20.3
1105206,250,611.9,28.1,20.3
1105464,250,838.5,24.9,19
1105464,250,838.5,24.9,19
1105464,250,838.5,24.9,19
1105464,250,838.5,24.9,19
1105464,250,838.5,24.9,19
1105464,250,838.5,24.9,19
1105464,250,838.5,24.9,19
1105464,250,838.5,24.9,19
1105464,250,838.5,24.9,19
1105464,250,838.5,24.9,19
1105464,250,838.5,24.9,19
1105464,250,838.5,24.9,19
1105464,250,838.5,24.9,19
1105464,250,838.5,24.9,19
1105464,250,838.5,24.9,19
1105464,250,838.5,24.9,19
1105464,250,838.5,24.9,19
1105464,250,838.5,24.9,19
1105464,250,838.5,24.9,19
1105464,250,838.5,24.9,19
1105464,250,838.5,24.9,19
1105464,250,838.5,24.9,19
1105464,250,838.5,24.9,19
1105464,250,838.5,24.9,19
1105464,250,838.5,24.9,19
1105464,250,838.5,24.9,19
1105464,250,838.5,24.9,19
1105464,250,838.5,24.9,19
1105464,250,838.5,24.9,19
1107477,250,1205.4,24.3,18.4
1107477,250,1205.4,24.3,18.4
1107477,250,1205.4,24.3,18.4
1107477,250,1205.4,24.3,18.4
1107477,250,1205.4,24.3,18.4
1107477,250,1205.4,24.3,18.4
1107477,250,1205.4,24.3,18.4
1107477,250,1205.4,24.3,18.4
1107477,250,1205.4,24.3,18.4
1107477,250,1205.4,24.3,18.4
1107477,250,1205.4,24.3,18.4
1107477,250,1205.4,24.3,18.4
1107477,250,1205.4,24.3,18.4
1107477,250,1205.4,24.3,18.4
1107477,250,1205.4,24.3,18.4
1107477,250,1205.4,24.3,18.4
1107477,250,1205.4,24.3,18.4
1107477,250,1205.4,24.3,18.4
1107477,250,1205.4,24.3,18.4
1107477,250,1205.4,24.3,18.4
1107477,250,1205.4,24.3,18.4
1107477,250,1205.4,24.3,18.4
1107477,250,1205.4,24.3,18.4
1107477,250,1205.4,24.3,18.4
1107477,250,1205.4,24.3,18.4
1107477,250,1205.4,24.3,18.4
1107477,250,1205.4,24.3,18.4
1107477,250,1205.4,24.3,18.4
1107477,250,1205.4,24.3,18.4
1107477,250,1205.4,24.3,18.4
1107477,250,1205.4,24.3,18.4
1107675,250,502,28.9,20.4
1107675,250,502,28.9,20.4
1107675,250,502,28.9,20.4
1107675,250,502,28.9,20.4
1107675,250,502,28.9,20.4
1107675,250,502,28.9,20.4
1107675,250,502,28.9,20.4
1107675,250,502,28.9,20.4
1107675,250,502,28.9,20.4
1107675,250,502,28.9,20.4
1107675,250,502,28.9,20.4
1107675,250,502,28.9,20.4
1107675,250,502,28.9,20.4
1107675,250,502,28.9,20.4
1107675,250,502,28.9,20.4
1107675,250,502,28.9,20.4
1107675,250,502,28.9,20.4
1107675,250,502,28.9,20.4
1107675,250,502,28.9,20.4
1107677,250,784.6,27.8,20.3
1107677,250,784.6,27.8,20.3
1107677,250,784.6,27.8,20.3
1107677,250,784.6,27.8,20.3
1107677,250,784.6,27.8,20.3
1107677,250,784.6,27.8,20.3
1107677,250,784.6,27.8,20.3
1107677,250,784.6,27.8,20.3
1107677,250,784.6,27.8,20.3
1107677,250,784.6,27.8,20.3
1107677,250,784.6,27.8,20.3
1107677,250,784.6,27.8,20.3
1107677,250,784.6,27.8,20.3
1107677,250,784.6,27.8,20.3
1107677,250,784.6,27.8,20.3
1107677,250,784.6,27.8,20.3
1107677,250,784.6,27.8,20.3
1107677,250,784.6,27.8,20.3
1107677,250,784.6,27.8,20.3
1107677,250,784.6,27.8,20.3
1107677,250,784.6,27.8,20.3
1107677,250,784.6,27.8,20.3
1107677,250,784.6,27.8,20.3
1107677,250,784.6,27.8,20.3
1107677,250,784.6,27.8,20.3
1107677,250,784.6,27.8,20.3
1107677,250,784.6,27.8,20.3
1107677,250,784.6,27.8,20.3
1107677,250,784.6,27.8,20.3
1107677,250,784.6,27.8,20.3
1107677,250,784.6,27.8,20.3
1107677,250,784.6,27.8,20.3
1107677,250,784.6,27.8,20.3
1107677,250,784.6,27.8,20.3
1107677,250,784.6,27.8,20.3
1107677,250,784.6,27.8,20.3
1107931,NA,NA,NA,NA
1107931,NA,NA,NA,NA
1107931,NA,NA,NA,NA
1107931,NA,NA,NA,NA
1107931,NA,NA,NA,NA
1107931,NA,NA,NA,NA
1107931,NA,NA,NA,NA
1107931,NA,NA,NA,NA
1107931,NA,NA,NA,NA
1107931,NA,NA,NA,NA
1107931,NA,NA,NA,NA
1107931,NA,NA,NA,NA
1107931,NA,NA,NA,NA
1107931,NA,NA,NA,NA
1107931,NA,NA,NA,NA
1107931,NA,NA,NA,NA
1107931,NA,NA,NA,NA
1107931,NA,NA,NA,NA
1108137,250,557.8,25.4,22.7
1108137,250,557.8,25.4,22.7
1108137,250,557.8,25.4,22.7
1108137,250,557.8,25.4,22.7
1108137,250,557.8,25.4,22.7
1108137,250,557.8,25.4,22.7
1108137,250,557.8,25.4,22.7
1108137,250,557.8,25.4,22.7
1108137,250,557.8,25.4,22.7
1108137,250,557.8,25.4,22.7
1108137,250,557.8,25.4,22.7
1108137,250,557.8,25.4,22.7
1108137,250,557.8,25.4,22.7
1108137,250,557.8,25.4,22.7
1108137,250,557.8,25.4,22.7
1108137,250,557.8,25.4,22.7
1108137,250,557.8,25.4,22.7
1108137,250,557.8,25.4,22.7
1108137,250,557.8,25.4,22.7
1108137,250,557.8,25.4,22.7
1108137,250,557.8,25.4,22.7
1108137,250,557.8,25.4,22.7
1108137,250,557.8,25.4,22.7
1108137,250,557.8,25.4,22.7
1108137,250,557.8,25.4,22.7
1108137,250,557.8,25.4,22.7
1108137,250,557.8,25.4,22.7
1108137,250,557.8,25.4,22.7
1108137,250,557.8,25.4,22.7
1108137,250,557.8,25.4,22.7
1108137,250,557.8,25.4,22.7
1108137,250,557.8,25.4,22.7
1108137,250,557.8,25.4,22.7
1108137,250,557.8,25.4,22.7
1108137,250,557.8,25.4,22.7
1108137,250,557.8,25.4,22.7
1108137,250,557.8,25.4,22.7
1108137,250,557.8,25.4,22.7
1108137,250,557.8,25.4,22.7
1108227,250,1025.4,27.7,18.7
1108227,250,1025.4,27.7,18.7
1108227,250,1025.4,27.7,18.7
1108227,250,1025.4,27.7,18.7
1108227,250,1025.4,27.7,18.7
1108227,250,1025.4,27.7,18.7
1108227,250,1025.4,27.7,18.7
1108227,250,1025.4,27.7,18.7
1108227,250,1025.4,27.7,18.7
1108227,250,1025.4,27.7,18.7
1108227,250,1025.4,27.7,18.7
1108227,250,1025.4,27.7,18.7
1108227,250,1025.4,27.7,18.7
1108227,250,1025.4,27.7,18.7
1108227,250,1025.4,27.7,18.7
1108227,250,1025.4,27.7,18.7
1108227,250,1025.4,27.7,18.7
1108227,250,1025.4,27.7,18.7
1108227,250,1025.4,27.7,18.7
1108368,250,212.9,47.7,23.6
1108368,250,212.9,47.7,23.6
1108368,250,212.9,47.7,23.6
1108368,250,212.9,47.7,23.6
1108368,250,212.9,47.7,23.6
1108368,250,212.9,47.7,23.6
1108368,250,212.9,47.7,23.6
1108368,250,212.9,47.7,23.6
1108368,250,212.9,47.7,23.6
1108368,250,212.9,47.7,23.6
1108368,250,212.9,47.7,23.6
1108368,250,212.9,47.7,23.6
1108368,250,212.9,47.7,23.6
1108368,250,212.9,47.7,23.6
1108368,250,212.9,47.7,23.6
1108368,250,212.9,47.7,23.6
1108368,250,212.9,47.7,23.6
1108368,250,212.9,47.7,23.6
1115432,250,306.3,38.1,20.7
1115432,250,306.3,38.1,20.7
1115432,250,306.3,38.1,20.7
1115432,250,306.3,38.1,20.7
1115432,250,306.3,38.1,20.7
1115432,250,306.3,38.1,20.7
1115432,250,306.3,38.1,20.7
1115432,250,306.3,38.1,20.7
1115432,250,306.3,38.1,20.7
1115432,250,306.3,38.1,20.7
1115432,250,306.3,38.1,20.7
1115432,250,306.3,38.1,20.7
1115432,250,306.3,38.1,20.7
1115432,250,306.3,38.1,20.7
1115432,250,306.3,38.1,20.7
1115432,250,306.3,38.1,20.7
1412786,250,402,25.6,18
1412786,250,402,25.6,18
1412786,250,402,25.6,18
1412786,250,402,25.6,18
1412786,250,402,25.6,18
1412786,250,402,25.6,18
1412786,250,402,25.6,18
1412786,250,402,25.6,18
1412786,250,402,25.6,18
1412786,250,402,25.6,18
1412786,250,402,25.6,18
1412786,250,402,25.6,18
1412786,250,402,25.6,18
1412786,250,402,25.6,18
1412786,250,402,25.6,18
1412786,250,402,25.6,18
1412786,250,402,25.6,18
1412786,250,402,25.6,18
1412786,250,402,25.6,18
1412786,250,402,25.6,18
1412786,250,402,25.6,18
1412786,250,402,25.6,18
1412786,250,402,25.6,18
1412786,250,402,25.6,18
1412786,250,402,25.6,18
1412786,250,402,25.6,18
1503147,250,703.6,23.4,14
1503147,250,703.6,23.4,14
1503147,250,703.6,23.4,14
1503147,250,703.6,23.4,14
1503147,250,703.6,23.4,14
1503147,250,703.6,23.4,14
1503147,250,703.6,23.4,14
1503147,250,703.6,23.4,14
1503147,250,703.6,23.4,14
1503147,250,703.6,23.4,14
1503147,250,703.6,23.4,14
1503147,250,703.6,23.4,14
1503147,250,703.6,23.4,14
Kempston,NA,NA,NA,NA
Kempston,NA,NA,NA,NA
Kempston,NA,NA,NA,NA
Kempston,NA,NA,NA,NA
Kempston,NA,NA,NA,NA
Kempston,NA,NA,NA,NA
Kempston,NA,NA,NA,NA
Kempston,NA,NA,NA,NA
Kempston,NA,NA,NA,NA
Kempston,NA,NA,NA,NA
Kempston,NA,NA,NA,NA
Kempston,NA,NA,NA,NA
Kempston,NA,NA,NA,NA
Kempston,NA,NA,NA,NA
Kempston,NA,NA,NA,NA
Kempston,NA,NA,NA,NA
Kempston,NA,NA,NA,NA
Kempston,NA,NA,NA,NA
Kempston,NA,NA,NA,NA
Kempston,NA,NA,NA,NA
Kempston,NA,NA,NA,NA
Kempston,NA,NA,NA,NA
Kempston,NA,NA,NA,NA
Kempston,NA,NA,NA,NA
Kempston,NA,NA,NA,NA
Kempston,NA,NA,NA,NA
Kempston,NA,NA,NA,NA
Kempston,NA,NA,NA,NA
Kempston,NA,NA,NA,NA
WT4509,18,1034,15.9,5.6
WT4509,18,1034,15.9,5.6
WT4509,18,1034,15.9,5.6
WT4509,18,1034,15.9,5.6
WT4509,18,1034,15.9,5.6
WT4509,18,1034,15.9,5.6
WT4509,18,1034,15.9,5.6
WT4509,18,1034,15.9,5.6
WT4509,18,1034,15.9,5.6
WT4509,18,1034,15.9,5.6
WT4509,18,1034,15.9,5.6
WT4509,18,1034,15.9,5.6
WT4509,18,1034,15.9,5.6
WT4509,18,1034,15.9,5.6
WT4509,18,1034,15.9,5.6
WT4509,18,1034,15.9,5.6
WT4509,18,1034,15.9,5.6
WT4509,18,1034,15.9,5.6
WT4509,18,1034,15.9,5.6
WT4509,18,1034,15.9,5.6
WT4509,18,1034,15.9,5.6
WT4509,18,1034,15.9,5.6
WT4509,18,1034,15.9,5.6
WT4509,18,1034,15.9,5.6
WT4509,18,1034,15.9,5.6
WT4509,18,1034,15.9,5.6
WT4509,18,1034,15.9,5.6
WT4509,18,1034,15.9,5.6
WT4509,18,1034,15.9,5.6
WT4509,18,1034,15.9,5.6
WT4509,18,1034,15.9,5.6
WT4509,18,1034,15.9,5.6
WT4509,18,1034,15.9,5.6
WT4688,15,863,13.6,5.1
WT4688,15,863,13.6,5.1
WT4688,15,863,13.6,5.1
WT4688,15,863,13.6,5.1
WT4688,15,863,13.6,5.1
WT4688,15,863,13.6,5.1
WT4688,15,863,13.6,5.1
WT4688,15,863,13.6,5.1
WT4688,15,863,13.6,5.1
WT4688,15,863,13.6,5.1
WT4688,15,863,13.6,5.1
WT4688,15,863,13.6,5.1
WT4688,15,863,13.6,5.1
WT4688,15,863,13.6,5.1
WT4688,15,863,13.6,5.1
WT4688,15,863,13.6,5.1
WT4688,15,863,13.6,5.1
WT4688,15,863,13.6,5.1
WT4688,15,863,13.6,5.1
WT4688,15,863,13.6,5.1
WT4691,15,4063,10.8,2.9
WT4691,15,4063,10.8,2.9
WT4691,15,4063,10.8,2.9
WT4691,15,4063,10.8,2.9
WT4691,15,4063,10.8,2.9
WT4691,15,4063,10.8,2.9
WT4691,15,4063,10.8,2.9
WT4691,15,4063,10.8,2.9
WT4691,15,4063,10.8,2.9
WT4691,15,4063,10.8,2.9
WT4691,15,4063,10.8,2.9
WT4691,15,4063,10.8,2.9
WT4691,15,4063,10.8,2.9
WT4691,15,4063,10.8,2.9
WT4691,15,4063,10.8,2.9
WT4691,15,4063,10.8,2.9
WT4691,15,4063,10.8,2.9
WT4691,15,4063,10.8,2.9
WT4691,15,4063,10.8,2.9
WT4691,15,4063,10.8,2.9
WT4691,15,4063,10.8,2.9
WT4691,15,4063,10.8,2.9
WT4691,15,4063,10.8,2.9
WT4691,15,4063,10.8,2.9
WT4691,15,4063,10.8,2.9
WT4691,15,4063,10.8,2.9
WT4691,15,4063,10.8,2.9
WT4691,15,4063,10.8,2.9
WT4691,15,4063,10.8,2.9
WT4691,15,4063,10.8,2.9
WT4691,15,4063,10.8,2.9
WT4691,15,4063,10.8,2.9
WT4832,11,2957,11.3,3.3
WT4832,11,2957,11.3,3.3
WT4832,11,2957,11.3,3.3
WT4832,11,2957,11.3,3.3
WT4832,11,2957,11.3,3.3
WT4832,11,2957,11.3,3.3
WT4832,11,2957,11.3,3.3
WT4832,11,2957,11.3,3.3
WT4832,11,2957,11.3,3.3
WT4832,11,2957,11.3,3.3
WT4832,11,2957,11.3,3.3
WT4832,11,2957,11.3,3.3
WT4832,11,2957,11.3,3.3
WT4832,11,2957,11.3,3.3
WT4832,11,2957,11.3,3.3
WT4832,11,2957,11.3,3.3
WT4832,11,2957,11.3,3.3
WT4832,11,2957,11.3,3.3
WT4832,11,2957,11.3,3.3
WT4832,11,2957,11.3,3.3
WT4832,11,2957,11.3,3.3
WT4832,11,2957,11.3,3.3
WT4832,11,2957,11.3,3.3
WT4832,11,2957,11.3,3.3
WT4832,11,2957,11.3,3.3
WT4832,11,2957,11.3,3.3
WT4832,11,2957,11.3,3.3
WT4832,11,2957,11.3,3.3
WT4832,11,2957,11.3,3.3
WT4832,11,2957,11.3,3.3
WT4832,11,2957,11.3,3.3
WT4832,11,2957,11.3,3.3
WT4945,12,4037,11.8,2.2
WT4945,12,4037,11.8,2.2
WT4945,12,4037,11.8,2.2
WT4945,12,4037,11.8,2.2
WT4945,12,4037,11.8,2.2
WT4945,12,4037,11.8,2.2
WT4945,12,4037,11.8,2.2
WT4945,12,4037,11.8,2.2
WT4945,12,4037,11.8,2.2
WT4945,12,4037,11.8,2.2
WT4945,12,4037,11.8,2.2
WT4945,12,4037,11.8,2.2
WT4945,12,4037,11.8,2.2
WT4945,12,4037,11.8,2.2
WT4945,12,4037,11.8,2.2
WT4945,12,4037,11.8,2.2
WT4945,12,4037,11.8,2.2
WT4945,12,4037,11.8,2.2
WT4945,12,4037,11.8,2.2
WT4945,12,4037,11.8,2.2
WT4945,12,4037,11.8,2.2
WT4945,12,4037,11.8,2.2
WT4945,12,4037,11.8,2.2
WT4945,12,4037,11.8,2.2
WT4945,12,4037,11.8,2.2
WT4945,12,4037,11.8,2.2
WT4975,12,1439,14,3.2
WT4975,12,1439,14,3.2
WT4975,12,1439,14,3.2
WT4975,12,1439,14,3.2
WT4975,12,1439,14,3.2
WT4975,12,1439,14,3.2
WT4975,12,1439,14,3.2
WT4975,12,1439,14,3.2
WT4975,12,1439,14,3.2
WT4975,12,1439,14,3.2
WT4975,12,1439,14,3.2
WT4975,12,1439,14,3.2
WT4975,12,1439,14,3.2
WT4975,12,1439,14,3.2
WT4975,12,1439,14,3.2
WT4975,12,1439,14,3.2
WT4975,12,1439,14,3.2
WT4975,12,1439,14,3.2
WT4975,12,1439,14,3.2
WT4975,12,1439,14,3.2
WT4975,12,1439,14,3.2
WT4975,12,1439,14,3.2
WT4975,12,1439,14,3.2
WT4975,12,1439,14,3.2
WT4975,12,1439,14,3.2
WT4975,12,1439,14,3.2
WT4975,12,1439,14,3.2
WT4975,12,1439,14,3.2
WT5163,12,1432,10.8,2.8
WT5163,12,1432,10.8,2.8
WT5163,12,1432,10.8,2.8
WT5163,12,1432,10.8,2.8
WT5163,12,1432,10.8,2.8
WT5163,12,1432,10.8,2.8
WT5163,12,1432,10.8,2.8
WT5163,12,1432,10.8,2.8
WT5163,12,1432,10.8,2.8
WT5163,12,1432,10.8,2.8
WT5163,12,1432,10.8,2.8
WT5163,12,1432,10.8,2.8
WT5163,12,1432,10.8,2.8
WT5163,12,1432,10.8,2.8
WT5163,12,1432,10.8,2.8
WT5163,12,1432,10.8,2.8
WT5163,12,1432,10.8,2.8
WT5163,12,1432,10.8,2.8
WT5163,12,1432,10.8,2.8
WT5163,12,1432,10.8,2.8
WT5163,12,1432,10.8,2.8
WT5163,12,1432,10.8,2.8
WT5163,12,1432,10.8,2.8
WT5163,12,1432,10.8,2.8
WT5163,12,1432,10.8,2.8
WT5163,12,1432,10.8,2.8
WT5163,12,1432,10.8,2.8
WT5163,12,1432,10.8,2.8
WT5210,10,2988,12,3.1
WT5210,10,2988,12,3.1
WT5210,10,2988,12,3.1
WT5210,10,2988,12,3.1
WT5210,10,2988,12,3.1
WT5210,10,2988,12,3.1
WT5210,10,2988,12,3.1
WT5210,10,2988,12,3.1
WT5210,10,2988,12,3.1
WT5210,10,2988,12,3.1
WT5210,10,2988,12,3.1
WT5210,10,2988,12,3.1
WT5210,10,2988,12,3.1
WT5210,10,2988,12,3.1
WT5210,10,2988,12,3.1
WT5210,10,2988,12,3.1
WT5210,10,2988,12,3.1
WT5210,10,2988,12,3.1
WT5210,10,2988,12,3.1
WT5226,10,1157,12.64,5.38
WT5226,10,1157,12.64,5.38
WT5226,10,1157,12.64,5.38
WT5226,10,1157,12.64,5.38
WT5226,10,1157,12.64,5.38
WT5226,10,1157,12.64,5.38
WT5226,10,1157,12.64,5.38
WT5226,10,1157,12.64,5.38
WT5226,10,1157,12.64,5.38
WT5226,10,1157,12.64,5.38
WT5226,10,1157,12.64,5.38
WT5226,10,1157,12.64,5.38
WT5226,10,1157,12.64,5.38
WT5226,10,1157,12.64,5.38
WT5226,10,1157,12.64,5.38
WT5226,10,1157,12.64,5.38
WT5226,10,1157,12.64,5.38
WT5226,10,1157,12.64,5.38
WT5226,10,1157,12.64,5.38
WT5226,10,1157,12.64,5.38
WT5226,10,1157,12.64,5.38
WT5226,10,1157,12.64,5.38
WT5226,10,1157,12.64,5.38
WT5226,10,1157,12.64,5.38
WT5226,10,1157,12.64,5.38
WT5226,10,1157,12.64,5.38
WT5226,10,1157,12.64,5.38
WT5226,10,1157,12.64,5.38
WT5226,10,1157,12.64,5.38
WT5226,10,1157,12.64,5.38
WT5226,10,1157,12.64,5.38
WT5226,10,1157,12.64,5.38
WT5231,11,2546,12.2,4.3
WT5231,11,2546,12.2,4.3
WT5231,11,2546,12.2,4.3
WT5231,11,2546,12.2,4.3
WT5231,11,2546,12.2,4.3
WT5231,11,2546,12.2,4.3
WT5231,11,2546,12.2,4.3
WT5231,11,2546,12.2,4.3
WT5231,11,2546,12.2,4.3
WT5231,11,2546,12.2,4.3
WT5231,11,2546,12.2,4.3
WT5231,11,2546,12.2,4.3
WT5231,11,2546,12.2,4.3
WT5231,11,2546,12.2,4.3
WT5231,11,2546,12.2,4.3
WT5231,11,2546,12.2,4.3
WT5231,11,2546,12.2,4.3
WT5231,11,2546,12.2,4.3
WT5231,11,2546,12.2,4.3
WT5231,11,2546,12.2,4.3
WT5231,11,2546,12.2,4.3
WT5231,11,2546,12.2,4.3
WT5231,11,2546,12.2,4.3
WT5231,11,2546,12.2,4.3
WT5231,11,2546,12.2,4.3
WT5231,11,2546,12.2,4.3
WT5231,11,2546,12.2,4.3
WT5231,11,2546,12.2,4.3
WT5231,11,2546,12.2,4.3
WT5231,11,2546,12.2,4.3
WT5233,10,1092,8.2,1.3
WT5233,10,1092,8.2,1.3
WT5233,10,1092,8.2,1.3
WT5233,10,1092,8.2,1.3
WT5233,10,1092,8.2,1.3
WT5233,10,1092,8.2,1.3
WT5233,10,1092,8.2,1.3
WT5233,10,1092,8.2,1.3
WT5233,10,1092,8.2,1.3
WT5233,10,1092,8.2,1.3
WT5233,10,1092,8.2,1.3
WT5233,10,1092,8.2,1.3
WT5233,10,1092,8.2,1.3
WT5233,10,1092,8.2,1.3
WT5233,10,1092,8.2,1.3
WT5233,10,1092,8.2,1.3
WT5233,10,1092,8.2,1.3
WT5233,10,1092,8.2,1.3
WT5233,10,1092,8.2,1.3
WT5233,10,1092,8.2,1.3
WT5233,10,1092,8.2,1.3
WT5233,10,1092,8.2,1.3
WT5233,10,1092,8.2,1.3
WT5291,10,330,8.8,2.1
WT5291,10,330,8.8,2.1
WT5291,10,330,8.8,2.1
WT5291,10,330,8.8,2.1
WT5291,10,330,8.8,2.1
WT5291,10,330,8.8,2.1
WT5291,10,330,8.8,2.1
WT5291,10,330,8.8,2.1
WT5291,10,330,8.8,2.1
WT5291,10,330,8.8,2.1
WT5291,10,330,8.8,2.1
WT5291,10,330,8.8,2.1
WT5291,10,330,8.8,2.1
WT5291,10,330,8.8,2.1
WT5291,10,330,8.8,2.1
WT5291,10,330,8.8,2.1
WT5291,10,330,8.8,2.1
WT5291,10,330,8.8,2.1
WT5291,10,330,8.8,2.1
WT5291,10,330,8.8,2.1
WT5291,10,330,8.8,2.1
WT5291,10,330,8.8,2.1
WT5291,10,330,8.8,2.1
WT5291,10,330,8.8,2.1
WT5291,10,330,8.8,2.1
WT5291,10,330,8.8,2.1
WT5291,10,330,8.8,2.1
WT5291,10,330,8.8,2.1
WT5291,10,330,8.8,2.1
WT5291,10,330,8.8,2.1
