ID,siteEffCan,mean10mEffCan,sd10mEffCan,mean30mEffCan,sd30mEffCan,site_area,gap_prop,patch_den,np,pd,ta,area_mn,area_sd,para_mn,para_sd,ai,cohesion,glcmCorrelation_mean,glcmCorrelation_sd,glcmContrast_mean,glcmContrast_sd,glcmEntropy_mean,glcmEntropy_sd,siteEffStories,mean10mEffStories,sd10mEffStories,mean30mEffStories,sd30mEffStories
1105056,4.15,1.84,1.09,2.33,1.27,11.034363419497543,0.11289278344764937,8.60946811232776,95,7626.234245805571,1.2457,0.013112631578947369,0.04320620336200077,1.271538152339734,0.6663814907764442,94.68750034594851,97.03435405292625,0.44,0.28,5.71,6.65,2.56,0.8,3.92,3.21,0.81,3.58,0.57
1105206,3.82,1.63,1.03,2.03,1.24,6.320358421997592,0.11015198087135718,12.81572888621076,81,11634.587762137317,0.6962,0.008595061728395062,0.020363772374210092,1.246648547841603,0.6126050951998248,92.94529519905961,95.10092506841225,0.42,0.27,8.17,7.01,2.88,0.58,3.92,3.21,0.81,3.58,0.57
1105464,3.82,1.6,0.88,1.86,1.03,11.731987255002611,0.023568044696101954,2.642348591606367,31,11211.573236889692,0.2765,0.008919354838709679,0.025941927702143222,1.1964292665273513,0.5435196528695937,95.50292067145557,95.60150625364534,0.39,0.27,7.45,8.69,2.71,0.63,3.92,3.21,0.81,3.58,0.57
1107477,3.17,1.29,0.74,1.58,0.99,2.0357227349991676,0.002750865775442789,1.4736780939872083,3,53571.428571428565,0.0056,0.0018666666666666666,4.0414518843273796e-4,1.3027375201288245,0.15922498161652976,89.38041125541125,88.8270618321414,0.41,0.27,4.62,3.62,2.82,0.39,3.92,3.21,0.81,3.58,0.57
1107675,3.55,1.37,0.82,1.71,1.11,6.320031838064507,0.06167690448207857,4.113903326151982,26,6670.0872242175465,0.38980000000000004,0.014992307692307694,0.043218772986533746,1.3594992608060237,0.8410153621964263,92.96447834613018,97.96285433274073,0.45,0.27,4.13,4.82,2.55,0.68,3.92,3.21,0.81,3.58,0.57
1107677,3.8,1.46,0.93,1.92,1.3,1.6828119168020728,0.09276140633508481,13.667599908436582,23,14734.144778987826,0.15610000000000002,0.0067869565217391304,0.007512129848562262,1.1295332285629143,0.5403786468499789,89.05386842281172,92.80785063763798,0.45,0.27,3.57,4.78,2.5,0.62,3.92,3.21,0.81,3.58,0.57
1108137,3.93,1.44,0.86,1.76,1.1,13.06600455500863,0.07364914009854058,4.362465952007495,57,5923.308739478332,0.9623,0.016882456140350877,0.04361827157612072,1.0468998680289212,0.5040374985280379,95.02685012692383,97.0563408173991,0.42,0.27,5.11,6.2,2.57,0.7,3.92,3.21,0.81,3.58,0.57
1108227,3.82,1.39,0.73,1.68,0.95,4.405360529799128,0.006537489906941442,2.4969579505679116,11,38194.44444444444,0.028800000000000003,0.002618181818181818,0.001979301988994192,1.3012769488403344,0.4587380829225965,90.13660506498228,87.09166775665511,0.36,0.28,7.99,6.8,2.92,0.4,3.92,3.21,0.81,3.58,0.57
1108368,3.85,2,1.27,2.32,1.44,2.113487510003621,0.17260570420847912,22.711276869536725,48,13157.894736842103,0.3648,0.0076,0.013489065705860481,1.2741995679913913,0.6007178667192213,91.53764263238992,93.80505975022855,0.42,0.27,7.68,6.36,2.79,0.73,3.92,3.21,0.81,3.58,0.57
1115432,3.68,1.5,0.86,1.84,1.07,6.188927011597017,0.031233200785497718,6.4631558790476396,40,20693.222969477498,0.1933,0.0048325,0.008224366159039171,1.3939450705582206,0.8417179881771407,92.26613286873976,91.37703632991342,0.41,0.27,5.64,5.75,2.77,0.52,3.92,3.21,0.81,3.58,0.57
1412786,3.83,1.84,1.01,2.17,1.19,5.417447198104183,0.02682075056510883,9.229439285997532,50,34411.56228492773,0.1453,0.002906,0.008279638412690372,1.6467526393117808,0.8185256657942509,90.4818803215992,91.36518467754208,0.34,0.28,8.14,6.06,3.02,0.29,3.92,3.21,0.81,3.58,0.57
1503147,3.61,1.51,0.91,1.86,1.23,1.094407074996992,0.00831500472529841,8.223631046998428,9,98901.0989010989,0.0091,0.001011111111111111,5.710613899670605e-4,1.897084759829858,0.7864916819294688,87.91522762951334,78.18914605771992,0.42,0.27,1.42,1.73,2.12,0.59,3.92,3.21,0.81,3.58,0.57
182014,3.07,1.73,1.06,2.04,1.22,1.9583114676736062,0.4697924794838292,20.936403976996733,41,4456.521739130434,0.92,0.0224390243902439,0.1149002912921651,1.2799467658417882,0.7061241446970568,94.17402628184377,99.0862629911018,0.32,0.3,1.8,2,1.81,1.09,3.92,3.21,0.81,3.58,0.57
182458,4.31,1.83,1.23,2.31,1.54,1.3062975107882755,0.145296150710313,18.372537497615976,24,12644.889357218124,0.1898,0.007908333333333333,0.015653917877883998,1.2273860174244036,0.612173092563995,88.67032770373356,95.59311274269562,0.42,0.27,8.2,8.52,2.77,0.62,3.92,3.21,0.81,3.58,0.57
183278,4.66,1.96,1.16,2.55,1.43,3.7538830548074564,0.08431269578168409,8.524506366552577,32,10110.584518167456,0.3165,0.009890625,0.017829087494515717,1.1748527671983144,0.8628488578892686,92.85133044020755,95.20963727649672,0.41,0.27,12.82,13.87,2.89,0.63,3.92,3.21,0.81,3.58,0.57
183479,3.64,1.47,0.91,1.91,1.26,0.9519807258232031,0.01932812240929461,11.554855788165256,11,59782.608695652176,0.0184,0.0016727272727272728,0.0016352925787704836,1.664064577566178,0.9353642768208213,93.05704064389775,84.60478562449005,0.41,0.27,5.59,6.07,2.6,0.64,3.92,3.21,0.81,3.58,0.57
186253,3.36,1.69,1.05,2.16,1.32,0.6940702404205785,0.04135028175622249,8.64465820687578,6,20905.923344947732,0.028700000000000003,0.004783333333333334,0.009856453046946791,1.6978517243577484,0.6220125583157847,87.9403291605895,97.30506533012479,0.38,0.27,4.84,3.09,2.89,0.32,3.92,3.21,0.81,3.58,0.57
186449,3.57,1.92,1.27,2.55,1.64,0.810409754885058,0.2592515683992463,23.44493003134545,19,9043.312708234174,0.2101,0.011057894736842105,0.020253979466033984,1.1816594542038608,0.6067762968891963,89.33487547735103,96.4199419238903,0.41,0.29,8.03,8.05,2.55,0.91,3.92,3.21,0.81,3.58,0.57
186460,3.65,1.54,0.87,2,1.12,2.17122677129035,0.010316748253195028,5.0662603029082725,11,49107.142857142855,0.0224,0.0020363636363636365,0.003416218004540321,1.9118243825140375,1.1763740557868725,94.33291492625865,88.64067545226767,0.39,0.28,5,4.81,2.69,0.58,3.92,3.21,0.81,3.58,0.57
186969,3.42,1.47,0.91,1.82,1.18,1.3784518458282575,0.1141135256019659,11.607224473181526,16,10171.646535282898,0.15730000000000002,0.009831250000000001,0.02708009647324027,1.7396182040437063,0.8281678313333669,89.62842732509638,97.87173252466033,0.36,0.27,3.66,3.47,2.59,0.61,3.92,3.21,0.81,3.58,0.57
187270,3.54,1.51,0.86,1.77,1.01,2.029602491220337,0.004927073179727578,1.9708292718910314,4,40000,0.01,0.0025,0.003297473780537661,1.4554054054054053,0.6717127025086456,95.61488511488513,92.63467372445301,0.31,0.27,5.45,4.77,2.74,0.45,3.92,3.21,0.81,3.58,0.57
187818,3.84,2.08,1.39,2.57,1.58,2.0862592462428733,0.2602265279244198,27.32162846139607,57,10499.171118069626,0.5429,0.009524561403508772,0.023209167529092543,1.242364589274245,0.5676787872594574,91.32279245162283,95.83960546123205,0.37,0.29,8.15,7.82,2.58,0.92,3.92,3.21,0.81,3.58,0.57
187943,4.16,2.03,1.33,2.34,1.54,4.674481946695602,0.19548690323768747,22.034527285491144,103,11271.613044429852,0.9138000000000001,0.008871844660194176,0.024200431115410145,1.3656346941539437,0.8059959934018074,91.3791015891537,95.53718939872181,0.38,0.28,9.23,8.13,2.78,0.75,3.92,3.21,0.81,3.58,0.57
188912,3.47,1.55,0.9,2.05,1.15,2.6644203616112585,0.00615518490861645,3.002529223715341,8,48780.487804878045,0.0164,0.00205,0.002391054758290336,1.803674320605435,1.0868551497422834,90.36660966159718,89.0136636497966,0.4,0.27,6.02,5.26,2.86,0.41,3.92,3.21,0.81,3.58,0.57
189455,4.42,1.27,0.74,1.46,1,11.241089651530423,0.10559474542028899,13.432861464586045,151,12721.145745577083,1.187,0.00786092715231788,0.027227483599015497,1.4338046628034666,0.8633241521097424,90.76820548740884,95.47263795599099,0.39,0.28,4.04,4.34,2.53,0.7,3.92,3.21,0.81,3.58,0.57
189594,3.94,1.61,0.96,1.99,1.12,5.15585882809491,0.011811805177470802,4.07303626809338,21,34482.75862068965,0.0609,0.0029000000000000002,0.004690309158253857,1.4806247506070305,0.4962541232414351,90.98995012781633,90.16599182904059,0.44,0.27,8.43,10,2.87,0.46,3.92,3.21,0.81,3.58,0.57
189646,4.52,1.51,1.03,1.73,1.28,19.81614535344243,0.26850327877089863,14.68499523038914,291,5469.2051797695785,5.3207,0.018284192439862543,0.11673226908533525,1.2168290561759285,0.5466661214376467,92.7967019105958,98.36454504707905,0.36,0.28,3.9,4.07,2.35,0.92,3.92,3.21,0.81,3.58,0.57
189934,4.13,1.39,0.93,1.63,1.21,3.5440628264846747,0.24833081214673716,20.033504899918572,71,8067.265083513236,0.8801000000000001,0.012395774647887325,0.027098800377347854,1.2990112552705688,0.7051471665241649,88.45209405145809,96.2483511631072,0.4,0.28,5.4,4.96,2.63,0.81,3.92,3.21,0.81,3.58,0.57
190325,4.4,1.2,0.65,1.41,0.94,2.5891718502556906,0.02738327314697105,8.496925377057307,22,31029.6191819464,0.0709,0.003222727272727273,0.003187614695330577,1.218255096753357,0.38115971698860346,91.59317984470047,88.3565963107391,0.51,0.28,4.21,3.92,2.81,0.43,3.92,3.21,0.81,3.58,0.57
190457,4.18,1.59,0.83,1.94,1.05,13.470345518286432,0.008663474878322606,4.305754438240884,58,49700.08568980291,0.11670000000000001,0.0020120689655172413,0.001886152454834872,1.406406327877009,0.4228511580874158,90.95916854393856,82.93259936692647,0.41,0.27,4.43,4.72,2.69,0.49,3.92,3.21,0.81,3.58,0.57
190783,4.56,1.95,1.27,2.15,1.48,2.4259464870566503,0.15396052715621097,30.09134801178956,73,19544.84605087015,0.3735,0.005116438356164384,0.012447858067629216,1.3514461293703697,0.7107152213451798,91.57224910122119,92.8791958507179,0.43,0.28,5.74,4.07,2.8,0.68,3.92,3.21,0.81,3.58,0.57
191362,3.5,1.64,0.84,1.99,0.9,14.449507083178222,0.09120034285004448,5.882553606202595,85,6450.144179693429,1.3178,0.015503529411764708,0.12188256979867258,1.4436481730310176,0.6501231499849256,93.98582525469406,99.24412699367787,0.39,0.28,8.7,9.25,2.62,0.82,3.92,3.21,0.81,3.58,0.57
191694,4.25,1.72,1.07,1.97,1.22,8.360084274013714,0.03405468063102602,7.29657716365503,61,21426.062521952932,0.2847,0.0046672131147540985,0.005076406908811107,1.0960508272369398,0.52850821796216,92.8923086646912,89.59852168659023,0.4,0.27,15.64,12.84,3.08,0.42,3.92,3.21,0.81,3.58,0.57
192053,3.67,1.48,0.89,1.9,1.2,1.8354896720468998,0.014110675965349812,7.0825786698667015,13,50193.05019305019,0.0259,0.0019923076923076925,0.002363423201792102,2.067525948282344,1.1377268358633537,89.41832938775674,87.66047012466628,0.4,0.26,2.48,2.8,2.4,0.56,3.92,3.21,0.81,3.58,0.57
192145,3.49,1.49,0.9,1.87,1.2,1.6597935894069378,0.013736647825074857,4.217391876119473,7,30701.75438596491,0.0228,0.0032571428571428573,0.0035165594657549128,1.2407181729696941,0.4852321677085522,92.97240447913288,90.67132313307151,0.46,0.25,3.9,4.42,2.62,0.54,3.92,3.21,0.81,3.58,0.57
192417,3.21,1.3,0.7,1.58,0.97,5.359794377812743,0.01557895585428693,4.477783718597441,24,28742.51497005988,0.0835,0.003479166666666667,0.006388983668694152,1.9550844383505672,1.2064782218765218,91.23246033286709,92.06113310910624,0.34,0.27,4.23,4,2.62,0.55,3.92,3.21,0.81,3.58,0.57
192446,3.9,1.27,0.59,1.54,0.89,10.606435561439861,0.03045320910394063,3.4884481016897935,37,11455.108359133126,0.323,0.00872972972972973,0.02552766326148149,1.8833781074584954,1.2039743223376163,92.74593454923244,96.51804728896568,0.33,0.29,0.83,1.24,1.59,0.73,3.92,3.21,0.81,3.58,0.57
194918,4.21,1.56,0.96,1.89,1.23,1.880888590116892,0.062364140341087476,15.949908015623395,30,25575.44757033248,0.1173,0.00391,0.00635714911163693,1.7921895211144547,0.7463215766501009,80.8519986984413,91.83131338181283,0.36,0.27,4.95,3.79,2.8,0.46,3.92,3.21,0.81,3.58,0.57
298822,3.82,1.44,0.79,1.65,0.95,8.791017085910275,0.027505349794797105,6.597643871373995,58,23986.76592224979,0.24180000000000001,0.004168965517241379,0.005542790699244577,1.64542325913062,1.0228186911896673,84.10153017986357,90.04153021253966,0.36,0.27,8.45,10.14,2.69,0.65,3.92,3.21,0.81,3.58,0.57
299021,4.25,1.63,0.92,2.02,1.16,5.730801361744344,0.03461994012293089,3.48991331884384,20,10080.645161290322,0.19840000000000002,0.00992,0.020112959948618624,1.387132185223839,1.0200692057422283,92.77729010109557,96.28971889698414,0.43,0.27,7.84,8.82,2.78,0.59,3.92,3.21,0.81,3.58,0.57
305284,3.25,1.4,0.84,1.75,1.08,4.626752461095131,0.01428647859504341,6.700163940186773,31,46898.63842662632,0.0661,0.002132258064516129,0.002161232225186085,1.7774802942954833,0.8520100152261522,86.28536389728862,84.74253675223106,0.34,0.27,4.65,4.81,2.66,0.51,3.92,3.21,0.81,3.58,0.57
56429,3.84,1.5,0.9,1.91,1.22,1.8839262024762458,0.044746975698514886,10.61612709336059,20,23724.79240806643,0.0843,0.004215,0.007893920045466038,1.3896771378333876,0.7963892887332295,89.222643700903,93.71175647432254,0.36,0.27,8.21,6.28,2.9,0.54,3.92,3.21,0.81,3.58,0.57
BF_M1,4.34,1.82,1.1,2.46,1.51,1.103688183536695,0.07782995349713648,24.46343125055512,27,31431.897555296855,0.0859,0.0031814814814814817,0.004122456048843199,1.792656143663769,1.0512546747656564,85.30504419465136,90.09736211576815,0.38,0.28,5.14,4.49,2.78,0.44,3.92,3.21,0.81,3.58,0.57
BF_M2,4.43,1.65,0.9,1.93,1.09,3.268503502248251,0.04075259515811378,11.626115735798225,38,28528.528528528528,0.1332,0.003505263157894737,0.005003455420516153,1.625181471244573,0.8741122841488107,82.40639395605005,89.39120946541533,0.37,0.27,7.02,6.58,2.78,0.62,3.92,3.21,0.81,3.58,0.57
BF_P1,3.4,1.55,0.81,1.88,1.07,3.993381141959503,0.8161254546318611,2.2537292785390903,9,276.1498573225737,3.2591,0.36212222222222223,1.0850542472357982,2.5255075841142927,1.4017539086338195,97.25483260190758,99.99117173561889,0.26,0.3,0.41,0.9,0.95,0.83,3.92,3.21,0.81,3.58,0.57
CH-EW-0510-LANG,4.01,1.67,1.1,2.12,1.37,6.176597549364296,0.09102098615084002,17.647256297476986,109,19388.118107435075,0.5622,0.005157798165137615,0.010300398172616486,1.4763899046703048,0.8866967038579057,90.9971671239227,91.60558748893416,0.4,0.27,5.99,5.87,2.77,0.59,3.92,3.21,0.81,3.58,0.57
CH-EW-1020-HEAR,4.05,1.9,1.24,2.31,1.47,9.034222490324899,0.34673708815060916,10.95833095831135,99,3160.4150039904225,3.1325000000000003,0.031641414141414144,0.2034833242980062,1.3837622201272237,0.6649892575324057,94.52368316291799,99.34952151820154,0.37,0.28,6.12,8.02,2.19,1.2,3.92,3.21,0.81,3.58,0.57
CH-EW-1020-HUC3,3.81,1.75,0.98,1.95,1.11,2.4447423418180088,0.03489120245553873,12.271231813202364,30,35169.98827667057,0.0853,0.0028433333333333336,0.0056328888486822815,1.4738587428512333,0.4623073591616993,92.88188634243342,89.30364516807283,0.41,0.27,4.6,3.99,2.8,0.43,3.92,3.21,0.81,3.58,0.57
CH-EW-3040-HOME,3.31,1.4,0.71,1.62,0.89,2.5897623542048036,0.007220739760016285,2.316814896261909,6,32085.561497326198,0.0187,0.003116666666666667,0.0036570024154581396,2.047400126823082,1.3933518108463978,89.90563552781055,91.8712646616052,0.37,0.28,6.15,5.56,2.83,0.43,3.92,3.21,0.81,3.58,0.57
CH-EWNC-0510-SL01,3.5,1.47,0.73,1.76,1,3.8216248555297962,0.008896739288997152,1.5700128157053796,6,17647.058823529413,0.034,0.005666666666666667,0.012027080554592902,1.9752654262588036,1.1572703682663354,93.21851878983223,96.96402994707486,0.28,0.27,6.74,5.94,2.78,0.49,3.92,3.21,0.81,3.58,0.57
CH-EWNC-0510-SL02,4.1,1.51,0.92,1.84,1.21,3.5827908840987743,0.01789108046592675,9.210696651725158,33,51482.05928237129,0.0641,0.0019424242424242425,0.0035475370243866293,1.6776302377032242,0.6304946929316481,87.94484641707153,86.66266074790629,0.42,0.27,6.09,5.66,2.84,0.47,3.92,3.21,0.81,3.58,0.57
CH-EWNC-1020-HUC1,4.15,1.57,0.94,1.91,1.13,0.7570241020186804,0.040553530486196386,2.6419238101756606,2,6514.657980456026,0.0307,0.01535,0.020293964620053916,0.9760942760942761,0.5994932239150594,91.86600082744314,99.4766297714659,0.3,0.27,3.44,2.32,2.72,0.33,3.92,3.21,0.81,3.58,0.57
CH-EWNC-2030-BLAC,3.82,1.42,0.77,1.71,0.99,10.274859326716047,0.0356987855830074,4.476946937890787,46,12540.894220283533,0.3668,0.007973913043478262,0.039130263563769266,1.3927256596384854,0.4750593004415751,96.1835095773116,96.62126259824663,0.41,0.27,4.06,4.28,2.62,0.64,3.92,3.21,0.81,3.58,0.57
CH-EWNC-2030-BULW,4.43,1.28,0.71,1.53,1.02,3.059142787111376,0.02951807296489963,13.075558345470487,40,44296.78848283499,0.0903,0.0022575,0.0034652773966736684,1.7128864056044362,0.8382225498255303,87.07641931726074,85.92091581761248,0.37,0.28,6.77,5.34,2.92,0.43,3.92,3.21,0.81,3.58,0.57
CH-EWNC-2030-FAMN,3.43,1.46,0.81,1.74,1,5.307128209819645,0.043300254095012605,4.7106455716941475,25,10879.025239338556,0.2298,0.009192,0.009079047306848885,0.8573509801905493,0.3723212693335083,94.40090599191315,93.27802327057505,0.44,0.27,3.72,4.41,2.52,0.61,3.92,3.21,0.81,3.58,0.57
CH-EWNC-6000-FAM2,4.09,1.82,1.06,2.35,1.31,4.898086569579831,0.06529080191970417,9.799745128661039,48,15009.3808630394,0.31980000000000003,0.0066625,0.010286380688054203,1.174108803438552,0.5427385456129917,93.00351043636275,92.84095406412104,0.45,0.27,3.77,4.37,2.57,0.61,3.92,3.21,0.81,3.58,0.57
CH-EWNC-6000-NORT,3.16,1.63,1.02,1.93,1.05,3.497971690471214,0.06303653074170429,13.15047806856416,46,20861.678004535148,0.2205,0.004793478260869565,0.015998297161801147,1.2989792588436169,0.42956630288495534,93.10752836653131,93.28630775289929,0.4,0.27,8.22,7.31,2.84,0.62,3.92,3.21,0.81,3.58,0.57
CH-EWNC-6000-PRES,3.11,1.33,0.68,1.61,0.98,1.5734842204401736,0.009469430837909394,2.5421290840025215,4,26845.637583892614,0.014900000000000002,0.0037250000000000004,0.0031063107807601394,1.0678116928116927,0.38362199037604494,94.0070811755584,92.87235679243837,0.42,0.27,4.08,4.71,2.64,0.53,3.92,3.21,0.81,3.58,0.57
CH-EWPL-0510-SL12,3.43,1.31,0.73,1.62,1.04,1.6212773273928092,0.009868761950634162,5.551178597231716,9,56250,0.016,0.0017777777777777779,0.0027183532596858056,2.3366597703947103,1.112510188327797,76.48911406271395,90.30659333815872,0.39,0.28,4.08,3.42,2.78,0.4,3.92,3.21,0.81,3.58,0.57
CH-EWPL-1020-HUC1,4.05,1.29,0.68,1.58,0.95,1.084029024004098,0.005811652511599342,2.767453576952068,3,47619.04761904762,0.0063,0.0021,0.0013527749258468683,1.3928571428571428,0.36076732283355406,87.86270459240426,90.79278929408837,0.38,0.28,6.3,4.41,2.96,0.32,3.92,3.21,0.81,3.58,0.57
CH-EWPL-2030-BLAC,3.86,1.25,0.66,1.46,0.86,2.0159247471868063,0.005406947861129634,2.9763015749337436,6,55045.87155963303,0.0109,0.0018166666666666667,0.0016714265364252978,1.4385359385359384,0.5228637832452142,95.92713648916109,87.08092917406341,0.4,0.28,7.66,7.19,2.92,0.38,3.92,3.21,0.81,3.58,0.57
CH-EWPL-2030-BULW,3.97,1.62,1,1.84,1.11,6.33100499952808,0.18742679876077345,13.583941255205222,86,7247.598179673016,1.1866,0.013797674418604652,0.09432807077272658,1.4344213768986613,0.7429721753590987,93.67958911274725,98.8438412301269,0.42,0.28,7.36,6.72,2.68,0.93,3.92,3.21,0.81,3.58,0.57
CH-EWPL-2030-FAMN,4.32,1.64,0.94,2.04,1.06,1.0163002559340326,0.008954046746388574,7.871689447374571,8,87912.08791208791,0.0091,0.0011375,7.909081579334698e-4,1.6916500884173296,0.5303563283632007,91.69963457286897,80.29218683317657,0.45,0.26,2.96,3.56,2.48,0.61,3.92,3.21,0.81,3.58,0.57
CH-EWPL-6000-FAM2,4.28,1.7,0.92,2.18,1.17,3.736741770620458,0.05820578818425705,8.831223034852792,33,15172.413793103447,0.21750000000000003,0.006590909090909092,0.010682180361364776,1.3443494491686094,0.7944720939354417,90.00552987738988,93.59952102656524,0.35,0.28,1.68,2.33,2.05,0.68,3.92,3.21,0.81,3.58,0.57
CH-EWPL-6000-NORT,4.12,1.46,0.81,1.76,1.13,3.0002760974524256,0.021698003078875736,2.9997239279551704,9,13824.884792626728,0.0651,0.007233333333333334,0.005632938842203064,0.9581353941605697,0.3848905016220952,90.73268606648256,93.327071753941,0.4,0.28,5.87,7.13,2.59,0.68,3.92,3.21,0.81,3.58,0.57
CH-EWPL-6000-PRES,3.22,1.2,0.58,1.39,0.81,0.9944730351444334,0.03217784582299151,12.066692183621818,12,37500,0.032,0.0026666666666666666,0.004992600585472526,2.1858395488692097,1.1165628889662014,85.11634767563565,91.65212501149985,0.38,0.29,7.16,5.91,2.88,0.45,3.92,3.21,0.81,3.58,0.57
CH-NC-0510-LANG,3.24,1.33,0.8,1.72,1.13,4.9921536250748675,0.8781580714944955,0.20031434829592268,1,22.810739296060582,4.383900000000001,4.383900000000001,NA,0.04740071625721389,NA,99.28947157313286,100,0.19,0.35,0,0.15,0,0.05,3.92,3.21,0.81,3.58,0.57
CH-NC-0510-SL01,3.02,1.27,0.68,1.52,0.93,4.887911694975569,0.8877410785592534,0.40917269476366763,2,46.09144542772861,4.339200000000001,2.1696000000000004,3.0674292167872435,0.855068455262066,1.1477731977661323,99.39097068183762,99.99743904369306,0.23,0.31,0.09,0.64,0.16,0.45,3.92,3.21,0.81,3.58,0.57
CH-NC-0510-SL02,2.82,1.29,0.73,1.58,1,2.8498124036014545,0.9042349583233756,0.3509002903967463,1,38.806317668516435,2.5769,2.5769,NA,0.037176452326438736,NA,99.6934551702593,100,0.22,0.34,0.17,1.7,0.11,0.42,3.92,3.21,0.81,3.58,0.57
CH-NC-1020-HEAR,2.13,1.2,0.61,1.44,0.97,1.4773525543548167,0.9589451047578115,0.6768865001466869,1,70.58657443354274,1.4167,1.4167,NA,0.044469541893131924,NA,99.7294892329596,100,0.07,0.26,0.01,0.05,0.04,0.18,3.92,3.21,0.81,3.58,0.57
CH-NC-1020-HUC1,4.87,1.77,0.94,2.33,1.26,1.7728414120088332,0.6062584011855454,4.512529967886456,8,744.3245254931151,1.0748,0.13435,0.37741330130243156,1.4436371625275592,0.5270423088363371,94.81865608418705,99.96070332974978,0.29,0.28,0.8,0.83,1.59,0.8,3.92,3.21,0.81,3.58,0.57
CH-NC-1020-HUC3,4.32,1.57,0.88,1.84,1.1,0.5811312595819589,0.17293855448818127,17.20781636698321,10,9950.248756218905,0.1005,0.01005,0.02636699325545735,1.4054128193681945,0.6457315670820227,96.16895849000886,97.51665708238457,0.26,0.28,3.01,1.59,2.71,0.31,3.92,3.21,0.81,3.58,0.57
CH-NC-2030-BLAC,4.4,1.79,0.91,2.03,1.21,4.644082557179034,0.7270542584951366,3.4452445241884155,16,473.8634680882571,3.3765,0.21103125,0.8248335789468888,1.3730550799944423,0.743230392316562,93.6305957101422,99.95849730242011,0.27,0.28,0.45,0.28,1.38,0.49,3.92,3.21,0.81,3.58,0.57
CH-NC-2030-BULW,1.72,1.08,0.33,1.13,0.44,28.759704593938974,0.9586433654054417,1.0083552807462308,29,105.18565267697485,27.5703,0.9507,5.109060178811196,1.650071458884166,0.9280810102779855,99.49619037739662,99.9832710420953,0.19,0.3,0.06,0.18,0.2,0.46,3.92,3.21,0.81,3.58,0.57
CH-NC-2030-FAMN,4.79,1.6,0.85,1.94,1.09,6.707844590274524,0.4610571933172097,10.286463717427317,69,2231.0602386264427,3.0927000000000002,0.04482173913043478,0.35329665582971537,1.3189602025605007,0.40486629693181386,93.62587967256941,99.87202748164897,0.34,0.28,0.6,0.61,1.48,0.73,3.92,3.21,0.81,3.58,0.57
CH-NC-3040-HOME,3.98,1.61,0.96,1.88,1.15,6.35060461338684,0.7297415414952881,1.5746532194620289,10,215.78231879679777,4.6343000000000005,0.46343000000000006,1.460154291733126,1.2810638387019384,0.611925538182452,96.71799100281926,99.98804464525027,0.34,0.3,0.8,1.23,1.12,1.09,3.92,3.21,0.81,3.58,0.57
CH-NC-6000-FAM2,3.9,1.59,0.92,1.95,1.16,1.666821187366359,0.0465556837099071,13.798720687214733,23,29639.175257731957,0.0776,0.003373913043478261,0.004908361825525568,1.338010199953716,0.48684797785593764,92.81629728251065,90.25928648537486,0.44,0.26,2.72,3.4,2.43,0.62,3.92,3.21,0.81,3.58,0.57
CH-NC-6000-NORT,3.55,1.59,1.01,1.91,1.23,4.656630331473006,0.11446044930764325,7.730912148358644,36,6754.22138836773,0.533,0.014805555555555556,0.038435912852765666,1.1494402385699516,0.7206250493589645,92.60878114965465,97.12819427893194,0.44,0.27,3.28,4.11,2.41,0.74,3.92,3.21,0.81,3.58,0.57
CH-NC-6000-PRES,3.81,1.41,0.72,1.72,1.04,1.3334880865357817,0.0022497388842772394,2.2497388842772392,3,100000,0.003,0.001,2.645751311064591e-4,1.512108262108262,0.26232784528127306,94.83333333333334,83.69016673534009,0.37,0.27,2.55,2.35,2.43,0.6,3.92,3.21,0.81,3.58,0.57
CH-PL-0510-LANG,2.64,1.25,0.74,1.51,1.01,5.971247668759245,0.9252840120677913,0.33493837652451225,2,36.19843984724258,5.5251,2.76255,1.8289316895390055,0.04566248428514645,0.009344138997433136,99.359271478038,99.85406862728954,0.06,0.2,0,0.1,0,0.05,3.92,3.21,0.81,3.58,0.57
CH-PL-0510-SL12,1.38,1.01,0.09,1.01,0.07,3.675273412320949,0.9796822157310489,0.2720886007140612,1,27.773148919624507,3.6006,3.6006,NA,0.028328611898016998,NA,99.81851686397141,100,NA,NA,0,0,0,0,3.92,3.21,0.81,3.58,0.57
CH-PL-1020-HEAR,1.49,1.12,0.46,1.22,0.6,6.053737522208505,0.98431753576031,0.16518720812249277,1,16.78190239645566,5.9588,5.9588,NA,0.023561790964623748,NA,99.82053636876827,99.99999999999999,0.09,0.25,0.01,0.07,0.04,0.2,3.92,3.21,0.81,3.58,0.57
CH-PL-1020-HUC1,4.51,1.5,0.76,1.77,1.06,0.9297840055839129,0.04259053690123529,10.755186086170527,10,25252.52525252525,0.0396,0.00396,0.006755113289616655,1.389755960002439,0.45822069357550027,90.8944931367743,93.41998813994232,0.3,0.28,2.03,1.76,2.4,0.47,3.92,3.21,0.81,3.58,0.57
CH-PL-1020-HUC3,3.65,1.67,0.76,1.96,0.9,3.9261207892492416,0.018720768907890577,12.225808266377518,48,65306.12244897958,0.07350000000000001,0.00153125,0.0012859562631125127,1.5185954839261109,0.3997015005073069,91.64486158819822,79.90477144120719,0.29,0.27,2.02,1.33,2.45,0.41,3.92,3.21,0.81,3.58,0.57
CH-PL-2030-BLAC,4.08,1.58,0.95,1.94,1.28,1.7903532591836526,0.174099719371654,7.819685823558408,14,4491.498235482835,0.31170000000000003,0.022264285714285716,0.043929184396688296,1.4544230497646895,0.8995882537461548,92.83986948051347,98.25166490750682,0.43,0.28,1.83,1.76,2.24,0.71,3.92,3.21,0.81,3.58,0.57
CH-PL-2030-BULW,2.93,1.34,0.72,1.53,0.88,1.526511960027297,0.7864989148060989,11.791587928127418,18,1499.2503748125935,1.2006000000000001,0.06670000000000001,0.2748634570109312,2.206550347418249,1.3008871258049441,95.77708834862759,99.84014672062413,0.26,0.29,0.58,1.01,0.86,1.01,3.92,3.21,0.81,3.58,0.57
CH-PL-2030-FAMN,4.23,1.5,0.82,1.79,1.07,2.028462875025719,0.21750459692017088,21.691301596753213,44,9972.8014505893,0.44120000000000004,0.010027272727272728,0.028605791929675536,1.3183270810290024,0.5144230866175974,89.53945992338234,96.96455126086084,0.36,0.28,0.77,0.61,1.79,0.55,3.92,3.21,0.81,3.58,0.57
CH-PL-3040-HOME,2.96,1.38,0.68,1.59,0.84,3.2670388699669393,0.01095793512868804,2.448700587416322,8,22346.368715083798,0.0358,0.004475,0.005524167681327982,1.7258960980036298,0.8431226978749964,80.83446744750779,93.84743607621598,0.39,0.26,1.31,1.19,2.12,0.59,3.92,3.21,0.81,3.58,0.57
CH-PL-6000-FAM2,4.03,1.6,0.96,1.94,1.2,1.4531641556206158,0.1408650214831214,16.515684003883308,24,11724.47484123107,0.20470000000000002,0.008529166666666668,0.021133868946945487,1.4049666342317073,0.7540176916125775,89.13027529816303,96.16627144167201,0.4,0.28,1.97,2.44,2.17,0.73,3.92,3.21,0.81,3.58,0.57
CH-PL-6000-NORT,3.57,1.53,0.83,1.87,1,2.485151519915811,0.030943787283684472,6.035849275101001,15,19505.851755526655,0.07690000000000001,0.005126666666666667,0.0074038085437415895,1.2577116341683507,0.5835943827575137,94.53077612019258,92.83336613820623,0.4,0.27,1.46,2.01,2.03,0.67,3.92,3.21,0.81,3.58,0.57
CH-PL-6000-PRES,2.69,1.23,0.54,1.39,0.67,5.800799015456904,4.1373610663029715e-4,0.3447800888585809,2,83333.33333333333,0.0024000000000000002,0.0012000000000000001,4.242640687119285e-4,1.6444444444444444,0.12570787221094182,82.67045454545453,90.42702794011227,0.32,0.27,6.95,5.47,2.88,0.41,3.92,3.21,0.81,3.58,0.57
CS_M1,4.29,1.37,0.7,1.67,0.97,7.014428319273965,0.012460031811836438,3.2789557399569573,23,26315.789473684206,0.0874,0.0038,0.005051192478469362,1.4772486670014475,0.8085043591584862,83.52149340091329,90.34006245684787,0.41,0.26,6.11,6.75,2.71,0.61,3.92,3.21,0.81,3.58,0.57
CS_M2,3.61,1.33,0.74,1.58,0.89,1.1520329196748498,0.05650880186511845,13.88849200986014,16,24577.572964669736,0.0651,0.00406875,0.007108935105438321,2.280551870004995,1.3813342143837548,84.41050223117117,93.70634524285231,0.44,0.26,5.03,5.43,2.74,0.5,3.92,3.21,0.81,3.58,0.57
CS_M4,2.82,1.23,0.68,1.47,0.9,1.2389453077662853,0.12034429531745419,8.87851943991949,11,7377.598926894701,0.1491,0.013554545454545455,0.019990816073205398,1.8233901706761775,1.386330979429111,87.63774104683195,96.51155685384705,0.38,0.27,5.9,4.87,2.82,0.42,3.92,3.21,0.81,3.58,0.57
CS_P1,4.46,1.52,0.82,1.82,1.02,7.754989254714921,0.08702784463430051,7.86590387122882,61,9038.376055711957,0.67490000000000006,0.011063934426229508,0.037915098280178944,1.4314623929757062,0.7348249546775979,93.64244412577735,96.16542052833255,0.4,0.27,1.52,1.68,2.14,0.69,3.92,3.21,0.81,3.58,0.57
DP_M1,4.31,1.59,0.88,1.96,1.08,2.8340892117388545,0.032144365682866285,11.996799486470403,34,37321.62458836443,0.0911,0.0026794117647058824,0.006515658501187722,1.929665349548051,1.0168056000385919,87.54849770896301,89.67916878856921,0.41,0.28,7.86,6.88,2.91,0.42,3.92,3.21,0.81,3.58,0.57
DP_M2,3.65,1.49,0.84,1.75,0.96,4.421299320608005,0.04657002050059917,7.916224951534585,35,16998.54298203011,0.2059,0.005882857142857143,0.012867091762327962,1.6459458815380623,1.0365704591869718,88.59986911813327,94.14091566945996,0.4,0.27,6.94,5.84,2.88,0.44,3.92,3.21,0.81,3.58,0.57
DP_M3,3.58,1.67,1.03,1.92,1.08,13.494410840208456,0.06175890224986851,10.967503639285503,148,17758.579313654907,0.8334,0.0056310810810810815,0.011469390504782906,1.2597060029337401,0.6479291244418766,90.71044494229358,92.38729859685057,0.42,0.28,8.67,8.7,2.8,0.57,3.92,3.21,0.81,3.58,0.57
DP_M4,3.62,1.51,0.86,1.96,1.08,2.026325839816034,0.020480417899506085,6.909056640797233,14,33734.93975903614,0.0415,0.0029642857142857144,0.0030368524046243224,1.6527149505708123,0.7173282772808668,76.87985533501588,89.22730489814366,0.37,0.28,8.24,8.69,2.86,0.46,3.92,3.21,0.81,3.58,0.57
DP_P1,3.54,1.38,0.75,1.66,0.97,1.5323367890149355,0.903326220399521,3.26299024851727,5,361.2194769541973,1.3842,0.27684000000000003,0.6179150249022919,1.8530227174070322,1.0530638422104182,99.19866105450107,99.95640902383161,0.19,0.28,0.16,0.21,0.54,0.63,3.92,3.21,0.81,3.58,0.57
DW_M1,3.39,1.25,0.63,1.46,0.76,2.0805649495389313,0.0010093412370834063,1.9225547373017264,4,190476.19047619047,0.0021,5.25e-4,6.551081335677849e-4,2.9166666666666665,1.1344765475923408,68.75,80.21331785250464,0.37,0.27,3.11,3.43,2.49,0.52,3.92,3.21,0.81,3.58,0.57
DW_M2,3.26,1.31,0.61,1.55,0.82,4.328932415936888,0.0033495556425456098,1.6170268619185701,7,48275.862068965514,0.0145,0.0020714285714285717,0.0020467163015541797,1.922933042933043,1.0600696391935847,81.58559515760327,89.97158460754815,0.35,0.27,3.52,3.4,2.58,0.49,3.92,3.21,0.81,3.58,0.57
DW_M3,4.16,1.8,1.11,2.27,1.36,8.922805496724463,0.18154603959423535,10.086513712871893,90,5555.8985122538425,1.6199000000000001,0.01799888888888889,0.06239448530522846,1.3498316138834785,0.8420084660649974,92.99686273326017,97.57861816449815,0.38,0.28,3.5,3.85,2.42,0.79,3.92,3.21,0.81,3.58,0.57
DW_M4,3.87,1.65,1.04,2.02,1.26,5.379698013492208,0.21110850407433282,12.268346631069797,66,5811.393854010743,1.1357,0.01720757575757576,0.06697534634959358,1.6614735227167337,0.9652248680739581,93.28250387572606,98.25871408644366,0.38,0.29,5.02,5.53,2.52,0.86,3.92,3.21,0.81,3.58,0.57
DW_P1,4.37,1.5,0.76,1.89,1.02,3.5276646578459303,0.1914581077024521,13.039788205970975,46,6810.778797749483,0.6754,0.014682608695652175,0.058061034186632055,1.415853289594619,0.7290333105184276,92.35869647218922,98.44386552815453,0.31,0.29,0.67,0.58,1.64,0.6,3.92,3.21,0.81,3.58,0.57
EA-EW-1020-LOSH,5.19,1.65,1,2.25,1.44,0.7351787997663604,0.22933196666386604,8.161279952450748,6,3558.7188612099644,0.1686,0.028100000000000003,0.06594713033938626,1.7933620159803318,1.2484262105936246,92.7884526770504,99.6383295366024,0.4,0.26,4.87,6.16,2.65,0.55,3.92,3.21,0.81,3.58,0.57
EA-EWNC-0510-ARG2,3.34,1.48,0.85,1.86,1.01,4.8237023051373935,0.015195796789103924,3.3169542786584283,16,21828.103683492496,0.0733,0.00458125,0.0037498833315184623,1.2315521445155406,0.8349503011281565,91.9995276138202,90.28736109008602,0.42,0.27,5.04,5.22,2.71,0.52,3.92,3.21,0.81,3.58,0.57
EA-EWNC-1020-HIGH,4.23,1.66,1.03,2.02,1.2,7.3168505829944275,0.04217661635967223,10.113640993570137,74,23979.261179520414,0.30860000000000004,0.004170270270270271,0.005343507896343199,1.340307422805899,0.7779040994852804,91.63623869526481,89.26505190068977,0.48,0.26,7.38,10.2,2.66,0.62,3.92,3.21,0.81,3.58,0.57
EA-EWNC-1020-SUGL,3.03,1.41,0.79,1.62,0.92,8.190449619851634,0.01618958740416524,3.296522322115094,27,20361.990950226245,0.1326,0.004911111111111112,0.012538044668231331,1.6098289786698505,0.8587344022607989,90.93535903378451,94.6500786717419,0.36,0.28,5.06,4.26,2.78,0.46,3.92,3.21,0.81,3.58,0.57
EA-EWNC-2030-ARG1,4.52,1.74,1.13,2.19,1.37,8.198933923271625,0.3048079205647242,6.83015627690951,56,2240.8066904085467,2.4991000000000003,0.04462678571428572,0.28848607812073107,1.1669789865569913,0.4765729803119792,95.211199575385,99.64844358114256,0.4,0.29,5.76,7.45,2.22,1.19,3.92,3.21,0.81,3.58,0.57
EA-EWNC-2030-WIL2,2.42,1.37,0.73,1.6,0.95,3.877964185186103,0.004615823959483263,2.578672603063275,10,55865.921787709485,0.017900000000000003,0.0017900000000000001,0.001285344744071065,1.3288456718719877,0.2728062014744428,91.02032338122189,84.14392278759676,0.37,0.27,4.91,3.75,2.83,0.4,3.92,3.21,0.81,3.58,0.57
EA-EWNC-3040-WIL3,2.67,1.3,0.58,1.42,0.6,4.0808116054788695,0.003136630954199113,1.9603943463744455,8,62500,0.0128,0.0016,0.001192835756865606,1.4171879764713435,0.28805195259426936,90.75311675150829,84.78377446475956,0.39,0.27,6.52,5.91,2.87,0.43,3.92,3.21,0.81,3.58,0.57
EA-EWNC-6000-HAYL,2.78,1.46,0.79,1.69,0.96,47.456059960776194,0.04559797003351154,2.718304050243999,129,5961.45847774851,2.1639,0.016774418604651165,0.09359496203645074,1.5925656192756903,0.9167179569556974,92.26118891521337,98.53807287314667,0.38,0.27,4.45,4.42,2.64,0.6,3.92,3.21,0.81,3.58,0.57
EA-EWNC-6000-WIL4,2.73,1.35,0.68,1.56,0.83,11.794838795370586,0.019720489956275986,3.4760966818887167,41,17626.827171109202,0.2326,0.005673170731707317,0.01368868190130525,1.1864869227204016,0.45231893666819967,94.75350243306617,92.8221925808815,0.36,0.27,5.83,5.21,2.8,0.5,3.92,3.21,0.81,3.58,0.57
EA-EWPL-1020-HIGH,3.93,1.51,0.82,1.97,1.11,0.4519610127766151,0.10996523725502087,22.125802264591726,10,20120.72434607646,0.0497,0.0049700000000000005,0.009835768060163544,1.7383846060786072,1.0633151351169678,86.65827133868214,96.24897929945487,0.3,0.27,0.64,0.48,1.65,0.5,3.92,3.21,0.81,3.58,0.57
EA-EWPL-1020-SUGL,3.01,1.47,0.69,1.7,0.84,53.846516688526606,0.009653363522226812,1.4299903640082041,77,14813.389765294343,0.5198,0.006750649350649351,0.012250291332482276,1.290929993919402,0.7036981027300347,92.76515686706645,93.03824034096054,0.36,0.27,6.71,6.09,2.88,0.42,3.92,3.21,0.81,3.58,0.57
EA-EWPL-2030-ARG1,4.17,1.73,1.05,2.16,1.24,5.960775236942107,0.16271373461441924,8.891460907891762,53,5464.48087431694,0.9699,0.0183,0.05461412891297523,1.4311119029925679,0.9834994867338283,94.06214949636203,97.38671299854848,0.41,0.28,6.23,6.45,2.59,0.87,3.92,3.21,0.81,3.58,0.57
EA-EWPL-3040-WIL3,3.52,1.4,0.66,1.68,0.9,2.0886256552783773,0.006559337220328278,2.3939186935504666,5,36496.3503649635,0.0137,0.0027400000000000002,0.0022074872593063817,1.2195563998842687,0.4525602971079442,93.45863341893705,89.71397813253961,0.51,0.26,4.78,5.63,2.67,0.57,3.92,3.21,0.81,3.58,0.57
EA-EWPL-6000-HAYL,2.57,1.38,0.73,1.53,0.87,28.430273335435988,0.02107612518987451,2.708380573465182,77,12850.467289719625,0.5992000000000001,0.007781818181818182,0.020994646731668523,1.3144170850793293,0.5138877375471979,90.25241979768268,95.56436888017387,0.35,0.27,5.33,3.76,2.88,0.37,3.92,3.21,0.81,3.58,0.57
EA-EWPL-6000-WIL4,3.29,1.53,0.87,1.85,1.04,9.710893905084767,0.023622953998074556,5.972673635084237,58,25283.34786399302,0.22940000000000002,0.003955172413793104,0.005172164785294761,1.3411158406651742,0.6944168903264925,92.28854592007488,89.62933521199261,0.37,0.28,5.02,4.86,2.76,0.46,3.92,3.21,0.81,3.58,0.57
EA-NC-0510-ARG2,1.85,1.14,0.54,1.32,0.77,10.935652199604736,0.9575652013126836,0.09144402014139993,1,9.549639023644906,10.4716,10.4716,NA,0.02064631956912029,NA,99.79260862901371,100,0.38,0.43,0,0.02,0,0.03,3.92,3.21,0.81,3.58,0.57
EA-NC-1020-HIGH,3.03,1.39,0.8,1.79,1.17,1.9860023741824668,0.8229093888534528,0.5035240707663543,1,61.18827632625589,1.6343,1.6343,NA,0.06522670256378878,NA,99.14585260561208,99.99999999999999,0.24,0.29,0.46,2.15,0.53,0.77,3.92,3.21,0.81,3.58,0.57
EA-NC-1020-LOSH,5.11,1.57,0.94,1.92,1.28,2.1203798052198253,0.49179868504354585,10.847113306484038,23,2205.60030686613,1.0428,0.04533913043478261,0.17921439608146955,1.269843580748313,0.6338787461345512,94.35839002661876,99.49273860137112,0.3,0.3,1.23,1.41,1.63,0.98,3.92,3.21,0.81,3.58,0.57
EA-NC-1020-SUGL,2.19,1.24,0.62,1.42,0.86,9.999823168403655,0.9146061731269622,3.0000530504170024,30,328.01583223083566,9.145900000000001,0.3048633333333334,1.6669345405271017,2.8682281701070984,1.1136907603724855,99.46732251767938,99.96448954188158,0.22,0.3,0.07,0.37,0.11,0.43,3.92,3.21,0.81,3.58,0.57
EA-NC-2030-ARG1,2.95,1.46,0.81,1.7,1.01,17.297557530530916,0.861433758708398,1.503102386224697,26,174.48844685149015,14.900700000000002,0.5731038461538462,2.9130090032790177,1.6313709734965691,0.6664115336429176,98.63109428426985,99.98573779407903,0.25,0.3,0.34,1.04,0.57,0.86,3.92,3.21,0.81,3.58,0.57
EA-NC-2030-WIL2,4.04,1.5,0.75,1.87,1.01,2.654144208003022,0.5290217448495178,9.042462699514582,24,1709.2799658144006,1.4041000000000001,0.05850416666666667,0.2649493626421712,1.8558740498594404,1.2117448482759159,96.44411195806374,99.73763792011991,0.25,0.29,0.28,0.24,0.97,0.61,3.92,3.21,0.81,3.58,0.57
EA-NC-3040-WIL3,3.89,1.44,0.68,1.69,0.88,1.6173254109736532,0.09991804920860946,25.968799918079192,42,25990.09900990099,0.1616,0.0038476190476190476,0.005978711750268537,1.4734867858808887,0.6998981494224235,89.22792870217148,91.11471690020049,0.31,0.27,0.87,0.75,1.84,0.55,3.92,3.21,0.81,3.58,0.57
EA-NC-6000-HAYL,3.43,1.41,0.85,1.59,1,2.605801725971233,0.04616621395289078,8.058940091527068,21,17456.359102244387,0.1203,0.005728571428571429,0.0127415125812104,1.5661191093213733,1.0518404662486005,90.81665257929309,94.32324855827069,0.38,0.27,3.82,7.04,2.42,0.6,3.92,3.21,0.81,3.58,0.57
EA-NC-6000-WIL4,2.87,1.38,0.7,1.65,0.93,3.912916469085857,0.005162389782554997,2.3000746555938103,9,44554.455445544554,0.020200000000000003,0.0022444444444444447,0.0013144496102086903,1.3185005380907429,0.65794163087526,89.65205982629054,85.99784527183249,0.36,0.27,2.32,2.22,2.41,0.53,3.92,3.21,0.81,3.58,0.57
EA-PL-1020-HIGH,3.61,1.43,0.83,1.73,1.05,0.9804365741899237,0.024478890967352757,7.139676532144553,7,29166.666666666664,0.024000000000000004,0.003428571428571429,0.0034218485675213068,1.3960417500333466,0.8214179379029902,90.46909926146158,90.99729890103009,0.39,0.28,4.15,5.03,2.55,0.57,3.92,3.21,0.81,3.58,0.57
EA-PL-1020-LOSH,3.56,1.9,1.09,2.28,1.42,0.8083267479948699,0.44004482207516593,13.608358287396191,11,3092.493674444757,0.3557,0.03233636363636364,0.07503931333277608,1.032822997652439,0.7341542082855266,92.91769437336947,98.81137123365362,0.36,0.28,1.85,2,1.99,0.86,3.92,3.21,0.81,3.58,0.57
EA-PL-1020-SUGL,2.27,1.21,0.59,1.43,0.84,7.285313191961497,0.9627588842356346,0.5490498341805728,4,57.0287995437696,7.014,1.7535,3.5067333336501845,2.756344815786472,1.8806822461495178,99.73738819320215,99.99702142378814,0.21,0.3,0.02,0.14,0.05,0.27,3.92,3.21,0.81,3.58,0.57
EA-PL-2030-ARG1,3.52,1.58,0.85,1.88,1.03,4.328180671441951,0.798187567075164,3.2346154337720483,14,405.2450285118823,3.4547000000000003,0.24676428571428574,0.9177244128043794,1.538942605932958,0.8364387827490687,97.26432503883184,99.96788006529002,0.28,0.29,0.4,0.68,0.9,0.87,3.92,3.21,0.81,3.58,0.57
EA-PL-3040-WIL3,2.54,1.29,0.51,1.52,0.73,2.860973173324764,0.0024467199012094317,0.6990628289169805,2,28571.428571428565,0.007000000000000001,0.0035000000000000005,0.0032526911934581187,1.0287356321839078,0.430766200033184,94.84873949579831,96.02203490782834,0.32,0.26,0.63,0.76,1.62,0.53,3.92,3.21,0.81,3.58,0.57
EA-PL-6000-HAYL,2.48,1.19,0.55,1.35,0.76,8.421361945017054,0.0035861182783943203,1.3062020219317059,11,36423.84105960265,0.0302,0.0027454545454545453,0.0027947678387886302,1.4428052791019228,0.5848879889442248,90.78146572421943,88.8898872691429,0.37,0.27,2.35,2.56,2.37,0.55,3.92,3.21,0.81,3.58,0.57
EA-PL-6000-WIL4,3.2,1.76,1,2.04,1.05,6.190900391057204,0.045017684407034554,9.853170968170462,61,21887.334050950845,0.2787,0.0045688524590163935,0.008155520440854906,1.193986861883075,0.4561989250160313,92.20409400202986,90.95673402254421,0.39,0.28,6.81,5.36,2.89,0.46,3.92,3.21,0.81,3.58,0.57
FF_M1,3.89,1.22,0.6,1.44,0.84,6.026203491905983,0.059855263846378494,8.297097843967077,50,13861.93512614361,0.3607,0.007214000000000001,0.042090243234153495,2.525731070227463,1.1733799637218552,91.87050367988071,97.21773121431679,0.42,0.27,2.87,4,2.31,0.74,3.92,3.21,0.81,3.58,0.57
FF_M2,3.76,1.48,0.89,1.99,1.23,0.9185462589641101,0.04224065976138934,16.330151969609283,15,38659.79381443299,0.0388,0.002586666666666667,0.0023597417130654264,1.6336692558899688,0.7824857363354562,81.31246662027223,86.84218749316929,0.42,0.26,5.53,6.14,2.7,0.54,3.92,3.21,0.81,3.58,0.57
FF_P1,4.6,1.6,0.91,1.91,1.24,0.7757723266279151,0.3111737705949172,27.069797773377218,21,8699.254349627176,0.2414,0.011495238095238095,0.03742360854047183,1.50614194648592,0.8990817536027577,90.86350958207079,98.12109559446208,0.35,0.26,1.13,0.97,2.03,0.58,3.92,3.21,0.81,3.58,0.57
FL_M1,3.71,1.59,0.89,1.9,1.03,13.293875456151925,0.04420832750678687,6.318699184226811,84,14293.006636038794,0.5877,0.006996428571428572,0.015557576284958605,1.4114570692671424,0.8471591540808249,87.72902644968332,93.71983613384621,0.43,0.27,5.49,5.35,2.79,0.5,3.92,3.21,0.81,3.58,0.57
FL_M2,3.69,1.58,0.98,1.82,1.1,0.9584442180454498,0.05571529254868723,19.823793228933656,19,35580.52434456928,0.0534,0.002810526315789474,0.004236992478534497,1.865350636255037,0.9977331051606559,83.73786396241823,90.07107905340516,0.45,0.27,7.54,6.45,2.93,0.4,3.92,3.21,0.81,3.58,0.57
FL_M4,3.16,1.29,0.76,1.53,0.95,1.8789894525382436,0.11218796343706966,12.240622196644223,23,10910.815939278937,0.21080000000000002,0.009165217391304348,0.023726387471559866,2.0917741030281967,1.3064642795344594,89.33148069479584,96.30028276463875,0.43,0.28,4.68,4.65,2.62,0.73,3.92,3.21,0.81,3.58,0.57
FL_P1,4.76,1.72,0.9,1.98,1.17,2.3963787495546045,0.19629618234906707,19.612926382666142,47,9991.496598639456,0.4704,0.010008510638297873,0.030730715619981724,1.439551850244467,0.547283298750111,90.5192412341644,97.25467380542104,0.36,0.28,1.35,1.04,2.15,0.6,3.92,3.21,0.81,3.58,0.57
HF_M1,4.52,1.89,1.09,2.34,1.37,16.90684372748225,0.09296235449584155,12.006972044700536,203,12915.950881211427,1.5717,0.007742364532019705,0.028240187612009734,1.413288665225704,0.6778277539945031,92.25912552706306,95.50315324420431,0.43,0.27,3.84,4.09,2.64,0.59,3.92,3.21,0.81,3.58,0.57
HF_M2,4.66,1.86,1.17,2.28,1.43,17.569107114959323,0.2596546295807909,7.342433463232868,129,2827.769131283018,4.5619000000000005,0.03536356589147287,0.28826923096570695,1.3737694746740694,0.7220618396866771,94.64708633869108,99.45201243751556,0.42,0.29,5.73,7.09,2.35,1.03,3.92,3.21,0.81,3.58,0.57
HF_M3,3.4,1.24,0.62,1.49,0.74,0.6775816256730351,0.0036895923757034803,4.427510850844176,3,120000,0.0025,8.333333333333334e-4,4.509249752822895e-4,2.2948717948717947,0.826997611429238,71.69934640522874,82.03536171550874,0.41,0.27,4.07,4.88,2.54,0.58,3.92,3.21,0.81,3.58,0.57
HF_M4,4.01,1.28,0.7,1.53,0.98,1.9252200738398824,0.04316389649639157,11.42726501709524,22,26474.127557160045,0.08310000000000001,0.003777272727272727,0.005848071055051834,2.0457227189550475,1.2667336414327601,83.49276526518864,90.80628129715912,0.49,0.26,3.17,3.79,2.56,0.56,3.92,3.21,0.81,3.58,0.57
HF_P1,4.39,2.05,1.02,2.53,1.18,8.504888855165989,0.06599733512790805,9.759092848060517,83,14787.101371815428,0.5613,0.006762650602409639,0.015927792176580375,1.4811541756042181,0.7507941733346856,90.48714186543025,94.77131110765336,0.37,0.27,2.21,1.71,2.46,0.52,3.92,3.21,0.81,3.58,0.57
LB_M1,4.63,1.43,0.77,1.89,1.2,3.7221094356290996,0.04395357063765344,7.253951144356008,27,16503.66748166259,0.16360000000000002,0.00605925925925926,0.008632062738564122,1.8235206903902665,1.201738082995432,83.66982215792069,92.6200450402118,0.42,0.26,4.23,5.47,2.53,0.61,3.92,3.21,0.81,3.58,0.57
LB_M2,4.74,1.61,0.98,2.02,1.31,5.528400393472239,0.12412270298118121,13.566311168155917,75,10929.758088020984,0.6862,0.009149333333333334,0.018977998451502342,1.2794567218178754,0.6343385474060119,90.2582114160017,94.83933514433579,0.42,0.28,4.58,6.76,2.32,0.75,3.92,3.21,0.81,3.58,0.57
LB_M3,4.4,1.58,0.87,1.95,1.08,25.789302462626388,0.0331726692197194,6.863310873045393,177,20689.655172413793,0.8555,0.004833333333333334,0.010837003457570453,1.551168263320941,0.9475763429440873,89.55724542330192,91.72349519823348,0.43,0.27,4.68,6.86,2.51,0.66,3.92,3.21,0.81,3.58,0.57
LB_M4,2.79,1.38,0.81,1.68,1.14,0.7141886680579279,0.2516141854905832,2.800380472905767,2,1112.9660545353368,0.1797,0.08985,0.11052078989945739,0.5718101343101343,0.10997280372849388,90.0113951954606,99.75284459680829,0.4,0.26,1.89,1.8,2.28,0.58,3.92,3.21,0.81,3.58,0.57
LB_P1,4.28,1.51,0.83,1.78,1.12,1.5717884108774365,0.3506197120338567,15.905448740421733,25,4536.381781890764,0.5511,0.022044,0.06426590646161721,1.166865938980934,0.4840299175490805,92.72355721664526,98.31694071911274,0.29,0.27,0.66,0.65,1.57,0.66,3.92,3.21,0.81,3.58,0.57
MG_M1,4.5,1.85,1.2,2.26,1.48,5.642022678546422,0.5481899269495382,5.494483408915801,31,1002.2955801998124,3.0929,0.09977096774193549,0.5328418278085586,1.7591418268867358,1.140547238127213,93.47111456261034,99.91763714410328,0.36,0.31,4.19,7,1.87,1.03,3.92,3.21,0.81,3.58,0.57
MG_M2,3.7,1.52,0.9,1.78,1.04,16.356255348233333,0.05069620046556459,7.82575212203602,128,15436.565364206464,0.8292,0.006478125,0.014509030245382264,1.3775033203305314,0.850695279515609,91.65901504872743,93.41379059556719,0.43,0.27,5.52,5.9,2.7,0.59,3.92,3.21,0.81,3.58,0.57
MG_M3,3.37,1.35,0.7,1.7,1.05,1.3646201844528085,0.1329307612965864,26.380966960733797,36,19845.644983461963,0.1814,0.00503888888888889,0.014433201363083022,1.739139759184567,0.9622397918118174,85.11204394793032,95.85621773147747,0.33,0.27,0.93,1.01,1.74,0.66,3.92,3.21,0.81,3.58,0.57
MG_M4,3.89,1.69,0.95,2.15,1.24,2.934172238384231,0.061209767323986704,15.336522993203793,45,25055.679287305124,0.1796,0.003991111111111111,0.015304096632515548,1.8922742033725968,0.8186343225259902,90.14013445141863,94.1372836689677,0.37,0.27,2.67,2.09,2.53,0.58,3.92,3.21,0.81,3.58,0.57
MG_P1,2.72,1.28,0.66,1.47,0.85,16.37021569835653,0.9159928174621061,0.18325965004243538,3,20.00666888962988,14.995,4.998333333333333,8.657107479021693,2.3540117508186227,2.0469165107022307,98.70254910154618,99.999719967031,0.26,0.3,0.31,1.05,0.49,0.8,3.92,3.21,0.81,3.58,0.57
SE-EW-1020-COMF,3.61,1.29,0.75,1.55,0.92,1.5225388768306003,0.0386197035062916,20.360728039031283,31,52721.08843537414,0.058800000000000005,0.0018967741935483871,0.002397565970029847,2.220761101883386,1.2085922932759943,78.75913412338447,85.78845564771986,0.47,0.26,5.14,6.79,2.66,0.57,3.92,3.21,0.81,3.58,0.57
SE-EW-1020-VICT,2.24,1.17,0.6,1.36,0.86,7.275857198135089,5.497634012148094e-4,0.8246451018222141,6,150000,0.004,6.666666666666668e-4,4.3204937989385736e-4,2.3518518518518516,0.8788788218742641,66.70588235294117,76.80974597120725,0.31,0.28,0.61,0.84,1.5,0.57,3.92,3.21,0.81,3.58,0.57
SE-EWNC-1020-HAIN,2.53,1.17,0.45,1.28,0.51,7.270478330895863,8.665179529148969e-4,0.5501701288348552,4,63492.06349206349,0.0063,0.001575,7.973915809270458e-4,1.324816487859966,0.32238997154172905,94.76657329598507,86.60663743452072,0.43,0.27,2.02,2.75,2.22,0.65,3.92,3.21,0.81,3.58,0.57
SE-EWNC-2030-OLDP,4.31,1.62,1.06,2.05,1.38,5.20183080266379,0.1191695815408985,9.419760437980361,49,7904.500725923536,0.6199,0.012651020408163266,0.026855897260882475,1.2332304731074433,0.6383729456654258,90.40006029186182,96.4018662098965,0.35,0.28,3.44,3.43,2.48,0.64,3.92,3.21,0.81,3.58,0.57
SE-EWNC-3040-RAVE,3.78,1.78,0.98,2.13,1.15,2.0679294531553984,0.03641323444815864,4.352179416114578,9,11952.19123505976,0.0753,0.008366666666666668,0.014451038025000144,1.1997053373500048,0.5260158163359385,90.97859206935608,96.35459604132906,0.39,0.28,5.24,4.13,2.88,0.36,3.92,3.21,0.81,3.58,0.57
SE-EWNC-6000-BOWD,3.23,1.4,0.78,1.65,0.97,9.46106746071428,0.07154583801571332,6.130386474976174,58,8568.473925247452,0.6769000000000001,0.011670689655172414,0.024194736332159072,1.170248338664514,0.5981354328887322,94.80962358024388,95.2106513081781,0.42,0.27,5.25,5.85,2.65,0.68,3.92,3.21,0.81,3.58,0.57
SE-EWPL-1020-HAIN,4.21,1.3,0.72,1.51,0.94,0.9732205550041283,0.008322882165148723,5.137581583425137,5,61728.395061728384,0.008100000000000001,0.0016200000000000001,0.001061602562167217,1.3528673835125447,0.3763549665605856,94.07017543859648,85.86747598964635,0.45,0.26,3.05,4.37,2.36,0.68,3.92,3.21,0.81,3.58,0.57
SE-EWPL-2030-OLDP,3.38,1.25,0.66,1.48,0.89,2.099555848338854,0.01652730506190358,3.3340384851102316,7,20172.910662824208,0.0347,0.004957142857142857,0.007241513916959893,1.2038432276544109,0.3907922254688547,87.11358655570034,95.15709675867454,0.43,0.27,5.15,8.64,2.59,0.52,3.92,3.21,0.81,3.58,0.57
SE-EWPL-3040-RAVE,4.29,1.41,0.79,1.75,1.13,2.328062710000947,0.013186930003267615,4.724958633092631,11,35830.618892508144,0.0307,0.0027909090909090913,0.0030510504897344934,1.5050263991440462,0.9422192094915602,89.20648881863245,89.79900596491129,0.44,0.26,4.25,4.28,2.67,0.55,3.92,3.21,0.81,3.58,0.57
SE-EWPL-5060-BOWD,3.23,1.62,0.94,1.86,1,4.424287451974862,0.08701966230249082,5.87665251912925,26,6753.2467532467535,0.385,0.014807692307692308,0.03685346033226105,1.0300852024915574,0.4414991039813817,94.38780630176632,97.09183082295954,0.4,0.28,5.15,5.42,2.64,0.7,3.92,3.21,0.81,3.58,0.57
SE-NC-1020-COMF,2.98,1.17,0.59,1.34,0.78,0.5388266846478887,0.8802459371698425,1.8558843288421727,1,210.83702298123552,0.4743,0.4743,NA,0.1412608053974278,NA,97.8925973470261,100,NA,NA,0,0,0,0,3.92,3.21,0.81,3.58,0.57
SE-NC-1020-HAIN,4.58,1.51,0.86,1.8,1.15,3.77164146637097,0.17231224277140167,6.6284137087014035,25,3846.745653177412,0.6499,0.025996000000000002,0.11078024598275633,1.2924434260037023,0.47258984209779925,94.57191439151735,99.26240350713546,0.32,0.27,1.45,1.41,2.03,0.8,3.92,3.21,0.81,3.58,0.57
SE-NC-1020-VICT,2.51,1.22,0.62,1.42,0.84,3.9620642315465027,0.9517513547548203,0.25239368711841215,1,26.5188681747063,3.7709,3.7709,NA,0.04110424567079477,NA,99.48553226085913,100,0.19,0.31,0.05,0.12,0.19,0.41,3.92,3.21,0.81,3.58,0.57
SE-NC-2030-OLDP,3.71,1.64,1,2.01,1.27,1.4236500931503309,0.5429002559819208,3.512098951882008,5,646.9142191745374,0.7729,0.15458,0.34023009420096867,0.9722271323702684,0.4924451342453688,97.22270288548579,99.89032110618282,0.36,0.31,0.63,1.09,1.1,1.02,3.92,3.21,0.81,3.58,0.57
SE-NC-3040-RAVE,3.24,1.72,0.97,1.99,1.13,8.253791807837413,0.061171884602246776,7.027073295564098,58,11487.423252129134,0.5049,0.008705172413793103,0.02740829316430117,1.419375864767518,0.5750687682321997,93.78055702844121,96.25297411293754,0.35,0.28,1.84,2.12,2.03,0.84,3.92,3.21,0.81,3.58,0.57
SE-NC-6000-BOWD,3.09,1.42,0.86,1.66,0.98,5.621091856659774,0.2180003513993757,4.269633126803507,24,1958.544148849355,1.2254,0.05105833333333334,0.21118598832940286,1.3765118255242839,0.7606232006625651,96.63656430306983,99.46798566674389,0.39,0.28,3.41,4.29,2.14,1.1,3.92,3.21,0.81,3.58,0.57
SE-PL-1020-COMF,2.08,1.13,0.52,1.29,0.67,3.7052270062180934,0.9747311012089221,0.2698889969013518,1,27.68855908738509,3.6116,3.6116,NA,0.036272012404474474,NA,99.61865527271715,99.99999999999999,0.04,0.2,0,0.02,0.01,0.06,3.92,3.21,0.81,3.58,0.57
SE-PL-1020-HAIN,2.42,1.26,0.56,1.37,0.73,6.515075693662173,0.9010025786362541,0.7674507918402191,5,85.17742457539053,5.8701,1.17402,2.6176984608621368,0.8894585155756728,0.533870949086551,98.90146207947099,99.98473800076611,0.22,0.31,0.21,0.41,0.61,0.7,3.92,3.21,0.81,3.58,0.57
SE-PL-1020-VICT,2.12,1.27,0.52,1.35,0.59,1.5653799264196306,0.8864301736472036,1.2776451047091433,2,144.13375612568464,1.3876,0.6938,0.9804742627932668,1.0576742844784082,1.3326498070635662,97.95027713442937,99.99459578416797,0.24,0.28,0.28,0.3,0.89,0.71,3.92,3.21,0.81,3.58,0.57
SE-PL-2030-OLDP,3.59,1.55,0.89,1.93,1.13,8.493950690224418,0.06997921481744503,4.709233836974766,40,6729.475100942126,0.5944,0.01486,0.029312356718801315,1.1054550857782701,0.7583225970655543,95.49295481590177,95.56312074621704,0.37,0.28,1.78,1.91,2.15,0.72,3.92,3.21,0.81,3.58,0.57
SE-PL-3040-RAVE,4.38,1.67,1.01,2.05,1.28,3.3407028299331665,0.019037910055972374,13.470219379225737,45,70754.71698113208,0.0636,0.0014133333333333335,0.0017913428178071029,1.7199703680878158,0.5653030258106563,89.35615805466281,81.18784695882782,0.37,0.27,5.29,3.75,2.91,0.32,3.92,3.21,0.81,3.58,0.57
SE-PL-5060-BOWD,2.79,1.45,0.82,1.78,0.95,1.847501764985593,0.06332876223309718,5.95398619285529,11,9401.709401709402,0.11699999999999999,0.010636363636363637,0.025848801625114954,1.1521437728151982,0.5313577524197757,97.3160054531149,96.60147999088869,0.37,0.28,4.46,4.74,2.55,0.74,3.92,3.21,0.81,3.58,0.57
SH_M1,4.13,1.63,0.96,1.92,1.13,4.902617811240547,0.035674818379477904,9.790687719925325,48,27444.2538593482,0.1749,0.0036437500000000003,0.007139369608323645,1.3708010441695195,0.5484425575125889,92.72675164916566,90.30762806498302,0.41,0.27,6.21,7.27,2.76,0.53,3.92,3.21,0.81,3.58,0.57
SH_M2,3.97,1.7,1.04,1.95,1.16,12.61364890797725,0.11388457142576042,9.196387250531297,116,8075.182735816219,1.4365,0.012383620689655173,0.043907873799117404,1.3188217959314463,0.7912577353233435,93.27677183964707,96.48412075406765,0.41,0.28,8.29,9.97,2.66,0.74,3.92,3.21,0.81,3.58,0.57
SH_P1,4.7,1.55,0.87,1.95,1.12,4.611432509191398,0.4462170910879951,9.541503624372739,44,2138.3097633279876,2.0577,0.046765909090909094,0.27266335743036846,1.1196311699046795,0.4968844160794131,97.38877533545833,99.32941734735198,0.33,0.27,0.95,1.91,1.28,1.09,3.92,3.21,0.81,3.58,0.57
WE-EWNC-1020-PIDD,4.1,1.59,0.92,1.97,1.21,12.740129789861431,0.043186373221868433,9.49754845482748,121,21992.002908033443,0.5502,0.004547107438016529,0.008746457133988266,1.4147366970273652,0.6931860499129184,92.56744000848371,91.21099462823055,0.39,0.27,4.87,4.44,2.75,0.5,3.92,3.21,0.81,3.58,0.57
WE-EWNC-1020-SWAN,2.73,1.36,0.75,1.62,0.89,3.9632166832481017,0.02616561452174031,7.064968241164212,28,27000.964320154293,0.1037,0.0037035714285714285,0.005754256533555682,1.2637652197714986,0.4947930837423895,95.29370779261573,89.47833025763354,0.41,0.26,3.81,4.22,2.56,0.58,3.92,3.21,0.81,3.58,0.57
WE-EWNC-2030-CHUR,3.81,1.67,0.9,1.91,1.09,3.5316738413497806,0.02361486472038571,5.096733392889002,18,21582.733812949642,0.0834,0.004633333333333334,0.005214233912485865,1.2152985997828432,0.4679899936080957,91.88318137584254,91.33747022110971,0.34,0.27,2.93,2.32,2.6,0.44,3.92,3.21,0.81,3.58,0.57
WE-EWNC-3040-WYTH,4.15,1.49,0.83,1.85,1.08,3.448542191069946,0.030882614768577697,5.509574465755645,19,17840.37558685446,0.1065,0.005605263157894737,0.011686957292650381,1.4464726132434227,0.885120032413054,91.99032740764707,93.40163550882492,0.4,0.27,8.51,8.74,2.88,0.51,3.92,3.21,0.81,3.58,0.57
WE-EWPL-1020-PIDD,4.17,1.69,0.96,2.05,1.21,3.335210479339957,0.03852830302495042,23.386829851720876,78,60700.38910505836,0.1285,0.0016474358974358976,0.0015168939863969947,1.4877939414899006,0.42963037864948656,92.88888398794995,80.17908830256023,0.42,0.26,2.59,2.11,2.59,0.44,3.92,3.21,0.81,3.58,0.57
WE-EWPL-1020-SWAN,4.31,1.58,0.99,1.92,1.19,1.8879026278850624,0.03395302228685837,12.182831709793174,23,35881.435257410296,0.0641,0.002786956521739131,0.0029111547767831504,1.5701338551956112,0.9749282220894991,89.748086648946,87.49429034861517,0.5,0.26,3.42,4.36,2.52,0.62,3.92,3.21,0.81,3.58,0.57
WE-EWPL-2030-CHUR,2.74,1.37,0.73,1.65,0.96,2.591484107580688,0.006907238963047614,3.087034173429101,8,44692.73743016759,0.017900000000000003,0.0022375000000000003,0.0031368489648963705,1.4798239750445632,0.5532337422295635,93.18249985081535,89.07652472048227,0.38,0.27,5.37,4.18,2.81,0.45,3.92,3.21,0.81,3.58,0.57
WE-EWPL-3040-WYTH,4.82,1.71,1.11,2.27,1.51,2.4744783432497877,0.2856763737409043,8.486637216804343,21,2970.71721601358,0.7069000000000001,0.03366190476190477,0.12190927559538069,1.4991823189926303,1.3181795850620108,93.2775809916827,99.18450073823414,0.44,0.28,4.3,6.93,2.2,1,3.92,3.21,0.81,3.58,0.57
WE-NC-1020-PIDD,3.92,1.22,0.62,1.43,0.88,2.8315761350205166,0.8225807426446344,0.7063204041255662,2,85.8663918942126,2.3292,1.1646,0.39852538187673825,0.07797942663327866,5.763259372616625e-4,98.70132676433727,99.74637930362817,0.31,0.36,0.06,0.19,0.22,0.51,3.92,3.21,0.81,3.58,0.57
WE-NC-1020-SWAN,4.24,1.45,0.8,1.69,1.02,1.9347755449878983,0.04972152984319518,9.303404752365003,18,18711.01871101871,0.09620000000000001,0.005344444444444445,0.010631209450438129,1.2652107356359532,0.48135090744790404,91.13434982288524,94.60976350020356,0.33,0.27,1.86,1.25,2.42,0.4,3.92,3.21,0.81,3.58,0.57
WE-NC-2030-CHUR,4.59,1.71,0.94,2.18,1.23,1.5392011179751484,0.2965824249143838,22.739068722899084,35,7667.031763417306,0.4565,0.013042857142857144,0.05969658718057846,1.4546146955055022,0.6840377618001863,92.18039274450989,98.74639013782651,0.33,0.28,1.13,0.96,1.92,0.7,3.92,3.21,0.81,3.58,0.57
WE-NC-3040-WYTH,4.25,1.47,0.86,1.82,1.19,0.6298298349557444,0.15194580295918256,11.11411306911471,7,7314.524555903866,0.09570000000000001,0.013671428571428572,0.017601393343114845,0.9328958281898225,0.6328707271888211,95.70063757419116,96.5624223952778,0.43,0.27,1.82,2.16,2.03,0.87,3.92,3.21,0.81,3.58,0.57
WE-PL-1020-PIDD,3.71,1.67,0.86,1.93,1.03,10.030586094984132,0.6095556074293057,9.670421955553081,97,1586.4708383762388,6.1142,0.06303298969072166,0.5787681112575891,1.3378132977611414,0.471378043511032,94.00845521636714,99.88726217188481,0.29,0.28,0.83,1.04,1.53,0.86,3.92,3.21,0.81,3.58,0.57
WE-PL-1020-SWAN,4.89,1.56,0.9,2.24,1.34,1.1007125728123124,0.3789363456931473,19.078550130798593,21,5034.763845600575,0.4171,0.01986190476190476,0.07672619159185784,1.5163847706471687,0.8001914503699966,93.76991178958085,98.97833407491879,0.31,0.27,0.94,0.91,1.77,0.7,3.92,3.21,0.81,3.58,0.57
WE-PL-2030-CHUR,4.66,1.56,0.92,1.89,1.25,0.8164988879482844,0.08450715735006653,39.191725147856936,32,46376.811594202896,0.069,0.00215625,0.0024233990392062564,1.532272049969365,0.5983694711925728,89.44933522587547,85.50605102439903,0.35,0.26,2.28,1.41,2.55,0.37,3.92,3.21,0.81,3.58,0.57
WE-PL-3040-WYTH,4.2,1.51,0.85,1.82,1.12,1.9121409749710656,0.01296975501525209,4.706765932954387,9,36290.32258064517,0.0248,0.002755555555555556,0.004621718054769003,1.6785846641551339,1.0968251661164266,89.91093923756534,91.68840904917502,0.38,0.27,5,5.36,2.72,0.45,3.92,3.21,0.81,3.58,0.57
WT4509,4.44,1.58,0.95,1.87,1.23,9.418059589519444,0.12665029230940156,13.060015052025813,123,10311.871227364185,1.1928,0.009697560975609757,0.03501225420937748,1.8955775748517916,1.1630906241468542,88.80780583251183,97.19406359967702,0.37,0.27,2.47,2.02,2.47,0.59,3.92,3.21,0.81,3.58,0.57
WT4688,4.26,1.87,1.1,2.35,1.4,31.894996936904477,0.3439097367433258,12.258975938247824,391,3564.5911204303034,10.969000000000001,0.028053708439897698,0.15182659130058807,1.2283341290297602,0.6072207339609502,92.64828475384235,98.7593965623756,0.32,0.28,2.16,2.13,2.11,0.92,3.92,3.21,0.81,3.58,0.57
WT4691,4.55,1.92,1.1,2.39,1.39,29.08636854951009,0.21999996283852974,13.855287548668148,403,6297.859040475074,6.399,0.015878411910669975,0.09320237679511059,1.3479239520973119,0.7236395234235027,93.18746300162879,97.92482372184988,0.37,0.28,2.58,2.53,2.3,0.86,3.92,3.21,0.81,3.58,0.57
WT4832,3.96,1.59,0.92,2,1.25,7.2246130931359716,0.14150238730033535,15.640976000134886,113,11053.506798395774,1.0223,0.009046902654867257,0.033583712226731864,1.3275485466204944,0.5682447354131812,91.49136660190939,96.44667468220554,0.33,0.28,2.36,1.95,2.41,0.63,3.92,3.21,0.81,3.58,0.57
WT4945,4.05,1.48,0.88,1.86,1.22,5.671219637341867,0.1610588300946348,7.229485476111261,41,4488.723450843004,0.9134000000000001,0.022278048780487808,0.06443796440063546,1.0334592857499976,0.4298185993693886,92.06647658050721,97.88232186906586,0.33,0.28,1.64,1.8,2.03,0.75,3.92,3.21,0.81,3.58,0.57
WT4975,3.73,1.65,1.08,1.94,1.34,2.529941283802502,0.18601222210686574,23.320699329165063,59,12537.186570335742,0.4706,0.007976271186440679,0.022337175901074306,1.5349259617637405,0.8472250808462448,92.00028226786536,94.84347890261559,0.37,0.28,3.11,2.57,2.41,0.84,3.92,3.21,0.81,3.58,0.57
WT5163,4.15,1.61,0.96,1.96,1.24,5.441904435196839,0.18774677360960387,21.867344679987138,119,11647.254575707155,1.0217,0.008585714285714287,0.020540494464178067,1.3676641028817114,0.7493948082504702,88.4049680052062,95.16378849975882,0.33,0.28,1.95,1.58,2.32,0.57,3.92,3.21,0.81,3.58,0.57
WT5210,4.18,1.62,0.87,2.05,1.23,7.0348831455887995,0.13983174697319967,1.8479340354290898,13,1321.541120260242,0.9837,0.07566923076923078,0.17542761272870447,1.158016710564,0.5750733233516703,95.8044944833543,99.1780388103615,0.33,0.29,1.81,1.89,2.13,0.81,3.92,3.21,0.81,3.58,0.57
WT5226,4.12,1.51,0.85,1.85,1.17,3.6676840060822666,0.19281922838151327,13.087277944446601,48,6787.330316742082,0.7072,0.014733333333333334,0.041265499129899255,1.4457682988824525,0.9531086304466762,89.67462413310442,97.36780367408383,0.37,0.29,0.95,0.84,1.91,0.62,3.92,3.21,0.81,3.58,0.57
WT5231,4.02,1.59,0.86,1.96,1.16,3.4179375173519713,0.14956388096762208,11.41038997992422,39,7629.107981220657,0.5112,0.013107692307692308,0.038452365505329655,1.5906194408042884,0.9574488184896844,95.88275462294479,96.89329117652986,0.37,0.28,1.49,1.3,2.08,0.82,3.92,3.21,0.81,3.58,0.57
WT5233,3.37,1.57,0.85,1.86,1.12,6.336846914180255,0.44507939645640815,19.0946698947757,121,4290.1716068642745,2.8204000000000002,0.02330909090909091,0.1356320905980587,1.5047922690388869,0.7654885369935152,93.30470244881083,98.86674171070851,0.28,0.28,1.44,2.06,1.87,0.91,3.92,3.21,0.81,3.58,0.57
WT5291,3.36,1.83,0.85,2.2,1.04,4.513451810467337,0.44848158017453343,8.197716859232159,37,1827.8826202944374,2.0242,0.05470810810810811,0.26587173116454565,1.7513557415872723,1.0376377624705342,93.50423249652972,99.6562599720604,0.3,0.28,0.79,0.82,1.6,0.75,3.92,3.21,0.81,3.58,0.57
